id,type,lat,lon,name,operator,emergency,healthcare,postcode,Mapped: outcode,Mapped: longitude,Mapped: latitude,Mapped: parliamentary_constituency,Mapped: parliamentary_constituency_2024,Mapped: codes.parliamentary_constituency,Mapped: codes.parliamentary_constituency_2024,Mapped: admin_district,Mapped: codes.admin_district,Mapped: admin_ward,Mapped: codes.admin_ward,Mapped: parish,Mapped: codes.parish,Mapped: admin_county,Mapped: codes.admin_county,Mapped: nhs_ha,Mapped: primary_care_trust,Mapped: region,Mapped: country,Mapped: lsoa,Mapped: codes.lsoa,Mapped: msoa,Mapped: codes.msoa,Mapped: ccg,Mapped: codes.ccg
25611932.0,node,52.2447321,0.1134644,Cambridge Lea Hospital (Spire),Unknown,Unknown,hospital,CB24 9EL,CB24,0.113364,52.244764,St Neots and Mid Cambridgeshire,St Neots and Mid Cambridgeshire,E14001512,E14001512,South Cambridgeshire,E07000012,Histon & Impington,E05011297,Impington,E04010465,Cambridgeshire,E10000003,East of England,Cambridgeshire,East of England,England,South Cambridgeshire 006C,E01018259,South Cambridgeshire 006,E02003780,NHS Cambridgeshire and Peterborough,E38000260
26842677.0,node,50.8187633,-0.1176353,Eye Hospital,Unknown,Unknown,hospital,BN2 5BF,BN2,-0.117636,50.818794,Brighton Kemptown and Peacehaven,Brighton Kemptown and Peacehaven,E14001129,E14001129,Brighton and Hove,E06000043,Kemptown,E05015405,"Brighton and Hove, unparished area",E43000034,,E99999999,South East Coast,Brighton and Hove City,South East,England,Brighton and Hove 031B,E01016862,Brighton and Hove 031,E02003521,NHS Sussex,E38000021
27149653.0,node,52.6440244,-1.0713687,Leicester Nuffield Hospital,Unknown,Unknown,hospital,LE5 1HY,LE5,-1.07131,52.644255,Leicester East,Leicester East,E14001326,E14001326,Leicester,E06000016,Humberstone & Hamilton,E05010467,"Leicester, unparished area",E43000015,,E99999999,East Midlands,Leicester City,East Midlands,England,Leicester 009C,E01013699,Leicester 009,E02002835,"NHS Leicester, Leicestershire and Rutland",E38000097
92011983.0,node,54.0121698,-0.423233,Alfred Bean Community Hospital,York Teaching Hospital NHS Foundation Trust,Unknown,hospital,YO25 5JR,YO25,-0.423232,54.012164,Bridlington and The Wolds,Bridlington and The Wolds,E14001127,E14001127,East Riding of Yorkshire,E06000011,Driffield and Rural,E05001694,Driffield,E04000380,,E99999999,Yorkshire and the Humber,East Riding of Yorkshire,Yorkshire and The Humber,England,East Riding of Yorkshire 044B,E01012977,East Riding of Yorkshire 044,E02006891,NHS Humber and North Yorkshire,E38000052
216161988.0,node,51.4562559,-2.5905852,Bristol Eye Hospital Assessment Clinic,Unknown,Unknown,hospital,BS1 3XD,BS1,-2.590292,51.456604,Bristol Central,Bristol Central,E14001131,E14001131,"Bristol, City of",E06000023,Central,E05010892,"Bristol, City of, unparished area",E43000019,,E99999999,South West,Bristol,South West,England,Bristol 032B,E01014540,Bristol 032,E02003043,"NHS Bristol, North Somerset and South Gloucestershire",E38000222
245066182.0,node,53.4075426,-2.9147444,Rathbone Hospital,Unknown,Unknown,hospital,L13 1DN,L13,-2.914871,53.40705,Liverpool West Derby,Liverpool West Derby,E14001341,E14001341,Liverpool,E08000012,Old Swan West,E05015316,"Liverpool, unparished area",E43000166,,E99999999,North West,Liverpool,North West,England,Liverpool 032E,E01006716,Liverpool 032,E02001378,NHS Cheshire and Merseyside,E38000101
249263546.0,node,53.806396,-1.5213303,St James's Hospital A&E,Unknown,yes,hospital,LS9 7TF,LS9,-1.52148,53.806117,Leeds East,Leeds East,E14001320,E14001320,Leeds,E08000035,Gipton & Harehills,E05011394,"Leeds, unparished area",E43000294,,E99999999,Yorkshire and the Humber,Leeds,Yorkshire and The Humber,England,Leeds 064F,E01033035,Leeds 064,E02002393,NHS West Yorkshire,E38000225
260211272.0,node,52.0242714,0.2588568,Saffron Walden Community Hospital (no A&E),Unknown,Unknown,hospital,CB11 3GA,CB11,0.257714,52.024077,North West Essex,North West Essex,E14001402,E14001402,Uttlesford,E07000077,Saffron Walden Castle,E05009924,Saffron Walden,E04004159,Essex,E10000012,East of England,West Essex,East of England,England,Uttlesford 002D,E01022079,Uttlesford 002,E02004592,NHS Hertfordshire and West Essex,E38000197
265667686.0,node,51.6992501,-0.0332109,Cheshunt Community Hospital,Unknown,Unknown,hospital,EN8 8XN,EN8,-0.033221,51.699226,Broxbourne,Broxbourne,E14001139,E14001139,Broxbourne,E07000095,Cheshunt South and Theobalds,E05009004,"Broxbourne, unparished area",E43000075,Hertfordshire,E10000015,East of England,Hertfordshire,East of England,England,Broxbourne 010D,E01023300,Broxbourne 010,E02004852,NHS Hertfordshire and West Essex,E38000049
269236936.0,node,52.1307004,-0.0311602,Cambridge Private Hospital (Orwell Grange),Unknown,no,Unknown,SG8 5QE,SG8,-0.031798,52.131245,South Cambridgeshire,South Cambridgeshire,E14001481,E14001481,South Cambridgeshire,E07000012,Barrington,E05011284,Wimpole,E04001855,Cambridgeshire,E10000003,East of England,Cambridgeshire,East of England,England,South Cambridgeshire 013D,E01018275,South Cambridgeshire 013,E02003787,NHS Cambridgeshire and Peterborough,E38000260
275913786.0,node,51.5896327,-1.4187676,Wantage Community Hospital,Unknown,Unknown,Unknown,OX12 7AS,OX12,-1.418558,51.589556,Didcot and Wantage,Didcot and Wantage,E14001197,E14001197,Vale of White Horse,E07000180,Wantage Charlton,E05012979,Wantage,E04012874,Oxfordshire,E10000025,South Central,Oxfordshire,South East,England,Vale of White Horse 014B,E01028756,Vale of White Horse 014,E02005991,"NHS Buckinghamshire, Oxfordshire and Berkshire West",E38000136
292738549.0,node,50.885077,0.567871,Conquest Hospital,Unknown,Unknown,hospital,TN37 7RE,TN37,0.567708,50.885373,Hastings and Rye,Hastings and Rye,E14001274,E14001274,Hastings,E07000062,Conquest,E05011206,"Hastings, unparished area",E43000056,East Sussex,E10000011,South East Coast,Hastings and Rother,South East,England,Hastings 002B,E01020986,Hastings 002,E02004369,NHS Sussex,E38000235
296563324.0,node,51.423089,-0.1070682,British Home & Hospital for Incurables,Unknown,Unknown,hospital,SE27 0QS,SE27,-0.106404,51.423074,Dulwich and West Norwood,Dulwich and West Norwood,E14001205,E14001205,Lambeth,E09000022,Knight's Hill,E05014106,"Lambeth, unparished area",E43000212,,E99999999,London,Lambeth,London,England,Lambeth 031E,E01003087,Lambeth 031,E02000648,NHS South East London,E38000244
306474283.0,node,52.3325647,-0.1866606,Linnea Cromwell Hospital,Unknown,Unknown,hospital,PE29 3ER,PE29,-0.18613,52.33245,Huntingdon,Huntingdon,E14001298,E14001298,Huntingdonshire,E07000011,Huntingdon North,E05011266,Huntingdon,E04012030,Cambridgeshire,E10000003,East of England,Cambridgeshire,East of England,England,Huntingdonshire 012E,E01018151,Huntingdonshire 012,E02003764,NHS Cambridgeshire and Peterborough,E38000260
310548312.0,node,50.8079485,-0.5006716,Zachary Merton Hospital,NHS Sussex Community Trust,no,hospital,BN16 2EB,BN16,-0.500646,50.807878,Bognor Regis and Littlehampton,Bognor Regis and Littlehampton,E14001108,E14001108,Arun,E07000224,Rustington East,E05009820,Rustington,E04009874,West Sussex,E10000032,South East Coast,West Sussex,South East,England,Arun 010D,E01031458,Arun 010,E02006551,NHS Sussex,E38000265
311378999.0,node,51.2767386,0.508001,The Somerfield Hospital,Unknown,Unknown,hospital,ME16 0DT,ME16,0.50852,51.27706,Maidstone and Malling,Maidstone and Malling,E14001349,E14001349,Maidstone,E07000110,Allington & Bridge,E05015593,"Maidstone, unparished area",E43000088,Kent,E10000016,South East Coast,West Kent,South East,England,Maidstone 006B,E01024340,Maidstone 006,E02005073,NHS Kent and Medway,E38000237
320047515.0,node,50.5471567,-4.1536325,Tavistock Hospital,Unknown,Unknown,hospital,PL19 8LD,PL19,-4.153576,50.547178,Torridge and Tavistock,Torridge and Tavistock,E14001552,E14001552,West Devon,E07000047,Tavistock North,E05010565,Tavistock,E04003354,Devon,E10000008,South West,Devon,South West,England,West Devon 005C,E01020334,West Devon 005,E02004233,NHS Devon,E38000230
349265089.0,node,54.9700621,-2.4630937,Haltwhistle War Memorial Hospital,Northumbria Healthcare NHS Foundation Trust,no,hospital,NE49 9AJ,NE49,-2.462935,54.970106,Hexham,Hexham,E14001285,E14001285,Northumberland,E06000057,Haltwhistle,E05009119,Haltwhistle,E04010789,,E99999999,North East,Northumberland,North East,England,Northumberland 037B,E01027485,Northumberland 037,E02005728,NHS North East and North Cumbria,E38000130
417713018.0,node,52.0638103,-2.6999319,Nuffield Health Hereford Hospital,Nuffield Health,Unknown,hospital,HR1 1DF,HR1,-2.700072,52.063915,North Herefordshire,North Herefordshire,E14001395,E14001395,"Herefordshire, County of",E06000019,Holmer,E05009460,Hereford,E04000921,,E99999999,West Midlands,Herefordshire,West Midlands,England,Herefordshire 011A,E01013987,Herefordshire 011,E02002915,NHS Herefordshire and Worcestershire,E38000236
431253923.0,node,50.6816055,-3.2395673,Sidmouth Victoria Hospital,Unknown,no,hospital,EX10 8EW,EX10,-3.239655,50.68161,Honiton and Sidmouth,Honiton and Sidmouth,E14001291,E14001291,East Devon,E07000040,Sidmouth Town,E05011805,Sidmouth,E04002989,Devon,E10000008,South West,Devon,South West,England,East Devon 012A,E01019956,East Devon 012,E02004140,NHS Devon,E38000230
444635673.0,node,51.3582569,0.1316749,Chelsfield Park Hospital,BMI Healthcare,Unknown,Unknown,BR6 7RG,BR6,0.130847,51.358468,Orpington,Orpington,E14001417,E14001417,Bromley,E09000006,Chelsfield,E05013992,"Bromley, unparished area",E43000196,,E99999999,London,Bromley,London,England,Bromley 037A,E01000680,Bromley 037,E02000163,NHS South East London,E38000244
450567958.0,node,54.118399,-1.1892442,St Monicas Hospital,NHS,Unknown,Unknown,YO61 3JD,YO61,-1.189328,54.118402,Wetherby and Easingwold,Wetherby and Easingwold,E14001582,E14001582,North Yorkshire,E06000065,Easingwold,E05014270,Easingwold,E04007166,,E99999999,Yorkshire and the Humber,North Yorkshire and York,Yorkshire and The Humber,England,Hambleton 010A,E01027594,Hambleton 010,E02005759,NHS Humber and North Yorkshire,E38000188
501865410.0,node,50.5804017,-3.4744584,Dawlish Community Hospital,Unknown,no,hospital,EX7 9DH,EX7,-3.474788,50.580583,Newton Abbot,Newton Abbot,E14001381,E14001381,Teignbridge,E07000045,Dawlish South West,E05011902,Dawlish,E04003204,Devon,E10000008,South West,Devon,South West,England,Teignbridge 006D,E01020235,Teignbridge 006,E02004206,NHS Devon,E38000230
540036166.0,node,53.1592258,-2.6668272,Tarporley War Memorial Hospital,Unknown,Unknown,hospital,CW6 0AP,CW6,-2.666738,53.159215,Chester South and Eddisbury,Chester South and Eddisbury,E14001164,E14001164,Cheshire West and Chester,E06000050,Tarporley,E05012239,Tarporley,E04012561,,E99999999,North West,Western Cheshire,North West,England,Cheshire West and Chester 045C,E01018724,Cheshire West and Chester 045,E02003891,NHS Cheshire and Merseyside,E38000233
583350863.0,node,51.048891,0.4891827,Hawkhurst Community Hospital,Unknown,no,Unknown,TN18 4PU,TN18,0.489017,51.048845,Tunbridge Wells,Tunbridge Wells,E14001555,E14001555,Tunbridge Wells,E07000116,"Hawkhurst, Sandhurst & Benenden",E05015806,Hawkhurst,E04005123,Kent,E10000016,South East Coast,West Kent,South East,England,Tunbridge Wells 014E,E01024810,Tunbridge Wells 014,E02005175,NHS Kent and Medway,E38000237
601522088.0,node,53.2482076,-1.9082637,Buxton Hospital & Corbar Birth Centre,Unknown,Unknown,hospital,SK17 9NJ,SK17,-1.908288,53.248141,High Peak,High Peak,E14001287,E14001287,High Peak,E07000037,Cote Heath,E05010630,"High Peak, unparished area",E43000050,Derbyshire,E10000007,East Midlands,Derbyshire County,East Midlands,England,High Peak 011B,E01019724,High Peak 011,E02004103,NHS Derby and Derbyshire,E38000261
626102416.0,node,53.8321035,-2.6090067,Community Hospital,Unknown,Unknown,hospital,PR3 3FJ,PR3,-2.608799,53.831417,Ribble Valley,Ribble Valley,E14001443,E14001443,Ribble Valley,E07000124,Derby & Thornley,E05012007,Longridge,E04005265,Lancashire,E10000017,North West,East Lancashire Teaching,North West,England,Ribble Valley 006C,E01025325,Ribble Valley 006,E02005275,NHS Lancashire and South Cumbria,E38000227
637882835.0,node,51.4082042,-0.0045395,Sloane Hospital,Unknown,Unknown,hospital,BR3 5HS,BR3,-0.00436,51.408332,Beckenham and Penge,Beckenham and Penge,E14001083,E14001083,Bromley,E09000006,Shortlands & Park Langley,E05014005,"Bromley, unparished area",E43000196,,E99999999,London,Bromley,London,England,Bromley 012B,E01000713,Bromley 012,E02000138,NHS South East London,E38000244
655324204.0,node,50.6627778,-3.7670412,Moreton Hospital,Unknown,Unknown,hospital,TQ13 8FB,TQ13,-3.767598,50.6628,Central Devon,Central Devon,E14001155,E14001155,Teignbridge,E07000045,Moretonhampstead,E05011910,Moretonhampstead,E04003223,Devon,E10000008,South West,Devon,South West,England,Teignbridge 003B,E01020258,Teignbridge 003,E02004203,NHS Devon,E38000230
688156267.0,node,51.2155631,-1.494556,Andover War Memorial Hospital,Hampshire Hospitals NHS Foundation Trust,no,hospital,SP10 3LB,SP10,-1.494692,51.215737,North West Hampshire,North West Hampshire,E14001403,E14001403,Test Valley,E07000093,Andover Harroway,E05012928,Andover,E04012839,Hampshire,E10000014,South Central,Hampshire,South East,England,Test Valley 004B,E01023183,Test Valley 004,E02004817,NHS Hampshire and Isle of Wight,E38000253
706265040.0,node,50.3502256,-3.5776785,Dartmouth and Kingswear Hospital,Unknown,Unknown,hospital,TQ6 9AA,TQ6,-3.577926,50.350314,South Devon,South Devon,E14001484,E14001484,South Hams,E07000044,Dartmouth & East Dart,E05010133,Dartmouth,E04003143,Devon,E10000008,South West,Devon,South West,England,South Hams 007B,E01020152,South Hams 007,E02004195,NHS Devon,E38000230
738860488.0,node,55.8660617,-4.2655792,Glasgow Dental Hospital,NHS Greater Glasgow and Clyde,yes,hospital,G2 3JZ,G2,-4.265553,55.866053,Glasgow North,Glasgow North,S14000085,S14000085,Glasgow City,S12000049,Anderston/City/Yorkhill,S13002976,,S99999999,,S99999999,Greater Glasgow and Clyde,Glasgow City Community Health Partnership,,Scotland,City Centre West - 02,S01010267,City Centre West,S02001933,Glasgow City Community Health & Care Partnership,S03000043
758968154.0,node,53.7863385,-2.6839452,Ramsay Fulwood Hall Hospital,Unknown,Unknown,Unknown,PR2 9SZ,PR2,-2.684036,53.786317,Preston,Preston,E14001433,E14001433,Preston,E07000123,Garrison,E05012199,"Preston, unparished area",E43000225,Lancashire,E10000017,North West,Central Lancashire,North West,England,Preston 004B,E01025254,Preston 004,E02005256,NHS Lancashire and South Cumbria,E38000227
787075490.0,node,53.6427571,-2.1235988,Birch Hill Hospital,Unknown,Unknown,Unknown,OL12 9RJ,OL12,-2.123979,53.642248,Rochdale,Rochdale,E14001446,E14001446,Rochdale,E08000005,"Wardle, Shore & West Littleborough",E05014050,"Rochdale, unparished area",E43000159,,E99999999,North West,"Heywood, Middleton and Rochdale",North West,England,Rochdale 002C,E01005597,Rochdale 002,E02001133,NHS Greater Manchester,E38000080
978294961.0,node,53.7550879,-2.5130249,The Beardwood Hospital,Unknown,Unknown,hospital,BB2 7AE,BB2,-2.513177,53.755038,Blackburn,Blackburn,E14001102,E14001102,Blackburn with Darwen,E06000008,Billinge & Beardwood,E05011510,"Blackburn with Darwen, unparished area",E43000279,,E99999999,North West,Blackburn with Darwen Teaching,North West,England,Blackburn with Darwen 010A,E01012584,Blackburn with Darwen 010,E02002624,NHS Lancashire and South Cumbria,E38000014
984261739.0,node,50.8305542,-4.5176143,Stratton Hospital,Unknown,Unknown,hospital,EX23 9BR,EX23,-4.517539,50.830745,North Cornwall,North Cornwall,E14001385,E14001385,Cornwall,E06000052,"Stratton, Kilkhampton & Morwenstow",E05013351,Bude-Stratton,E04011409,,E99999999,South West,Cornwall and Isles of Scilly,South West,England,Cornwall 001E,E01018960,Cornwall 001,E02003931,NHS Cornwall and the Isles of Scilly,E38000089
1085749703.0,node,51.7284019,-0.8262369,The Paddocks Hospital,Unknown,Unknown,hospital,HP27 0JX,HP27,-0.825367,51.727871,Mid Buckinghamshire,Mid Buckinghamshire,E14001360,E14001360,Buckinghamshire,E06000060,The Risboroughs,E05013161,Princes Risborough,E04001613,,E99999999,South Central,Buckinghamshire,South East,England,Wycombe 001E,E01017933,Wycombe 001,E02003696,"NHS Buckinghamshire, Oxfordshire and Berkshire West",E38000223
1131534975.0,node,51.3797984,-0.1848418,Queen Mary's Childrens' Hospital,Unknown,Unknown,hospital,SM5 1AA,SM5,-0.183708,51.380188,Carshalton and Wallington,Carshalton and Wallington,E14001153,E14001153,Sutton,E09000029,St Helier West,E05013762,"Sutton, unparished area",E43000219,,E99999999,London,Sutton and Merton,London,England,Sutton 002D,E01004128,Sutton 002,E02000841,NHS South West London,E38000245
1137736892.0,node,51.2366302,-0.1799284,Whitepost Health Care Group Head Office & Shrewsbury Court Independent Hospital,Unknown,Unknown,hospital,RH1 6AN,RH1,-0.180338,51.23671,Reigate,Reigate,E14001442,E14001442,Reigate and Banstead,E07000211,Meadvale & St John's,E05012880,"Reigate and Banstead, unparished area",E43000140,Surrey,E10000030,South East Coast,Surrey,South East,England,Reigate and Banstead 010F,E01030622,Reigate and Banstead 010,E02006384,NHS Surrey Heartlands,E38000264
1376200677.0,node,55.0135559,-7.2804733,Waterside Hospital,Unknown,no,hospital,BT47 6WH,BT47,-7.2804,55.01351,Foyle,Foyle,N05000008,N05000008,Derry City and Strabane,N09000005,Enagh,N08000518,,N99999999,,N99999999,Health & Social Care Board,Western,,Northern Ireland,Enagh 2 Derry,95MM16S2,,N99999999,Western,ZC050
1422752943.0,node,54.5386008,-1.0532301,Guisborough Priory Hospital MIU,Unknown,yes,Unknown,TS14 6JR,TS14,-1.053601,54.53811,Middlesbrough South and East Cleveland,Middlesbrough South and East Cleveland,E14001368,E14001368,Redcar and Cleveland,E06000003,Guisborough,E05012443,Guisborough,E04000263,,E99999999,North East,Redcar and Cleveland,North East,England,Redcar and Cleveland 018A,E01012117,Redcar and Cleveland 018,E02002532,NHS North East and North Cumbria,E38000247
1666968720.0,node,53.9267965,-3.0090102,Fleetwood Hospital,Blackpool Teaching Hospitals NHS Foundation Trust,Unknown,hospital,FY7 6BJ,FY7,-3.008441,53.926851,Blackpool North and Fleetwood,Blackpool North and Fleetwood,E14001104,E14001104,Wyre,E07000128,Pharos,E05009946,Fleetwood,E04010589,Lancashire,E10000017,North West,North Lancashire Teaching,North West,England,Wyre 001F,E01025584,Wyre 001,E02005319,NHS Lancashire and South Cumbria,E38000226
1866431684.0,node,51.9987191,-3.796741,Llandovery Hospital,Unknown,no,hospital,SA20 0LA,SA20,-3.796988,51.998592,Caerfyrddin,Caerfyrddin,W07000087,W07000087,Carmarthenshire,W06000010,Llandovery,W05001203,Llandovery,W04000514,,W99999999,Hywel Dda University Health Board,Hywel Dda University Health Board,,Wales,Carmarthenshire 002C,W01000678,Carmarthenshire 002,W02000143,Hywel Dda University,W11000025
2778453137.0,node,51.5224709,-0.1435858,The Portland Hospital for Women and Children,Unknown,Unknown,hospital,W1W 5QL,W1W,-0.143571,51.522389,Cities of London and Westminster,Cities of London and Westminster,E14001172,E14001172,Westminster,E09000033,West End,E05013808,"Westminster, unparished area",E43000236,,E99999999,London,Westminster,London,England,Westminster 013A,E01004715,Westminster 013,E02000972,NHS North West London,E38000256
2882477894.0,node,51.6270176,-0.7394082,Shrublands Day Hospital,Unknown,Unknown,Unknown,HP13 6AA,HP13,-0.740008,51.62691,Wycombe,Wycombe,E14001600,E14001600,Buckinghamshire,E06000060,Ryemead and Micklefield,E05013157,"Buckinghamshire, unparished area",E43000275,,E99999999,South Central,Buckinghamshire,South East,England,Wycombe 016C,E01017910,Wycombe 016,E02003711,"NHS Buckinghamshire, Oxfordshire and Berkshire West",E38000223
3883558410.0,node,53.38496,-2.3514937,Altrincham Hospital,Manchester University NHS Foundation Trust,no,hospital,WA14 2RQ,WA14,-2.351631,53.384762,Altrincham and Sale West,Altrincham and Sale West,E14001065,E14001065,Trafford,E08000009,Altrincham,E05015239,"Trafford, unparished area",E43000163,,E99999999,North West,Trafford,North West,England,Trafford 025B,E01006075,Trafford 025,E02001283,NHS Greater Manchester,E38000187
3883610274.0,node,54.4051135,-1.7384116,Friary Community Hospital,Unknown,Unknown,hospital,DL10 4UJ,DL10,-1.738342,54.404898,Richmond and Northallerton,Richmond and Northallerton,E14001444,E14001444,North Yorkshire,E06000065,Richmond,E05014307,Richmond,E04007520,,E99999999,Yorkshire and the Humber,North Yorkshire and York,Yorkshire and The Humber,England,Richmondshire 002F,E01027770,Richmondshire 002,E02005783,NHS Humber and North Yorkshire,E38000241
4003936929.0,node,55.7612798,-4.9226837,The Lady Margaret Hospital,NHS Ayrshire & Arran,no,Unknown,KA28 0HF,KA28,-4.922755,55.761296,North Ayrshire and Arran,North Ayrshire and Arran,S14000048,S14000048,North Ayrshire,S12000021,North Coast,S13003148,,S99999999,,S99999999,Ayrshire and Arran,North Ayrshire Community Health Partnership,,Scotland,Largs Central and Cumbrae - 07,S01011328,Largs Central and Cumbrae,S02002128,North Ayrshire Community Health Partnership,S03000002
4286118108.0,node,50.8080476,-0.5010988,Zachary Merton Hospital,Unknown,no,hospital,BN16 2EB,BN16,-0.500646,50.807878,Bognor Regis and Littlehampton,Bognor Regis and Littlehampton,E14001108,E14001108,Arun,E07000224,Rustington East,E05009820,Rustington,E04009874,West Sussex,E10000032,South East Coast,West Sussex,South East,England,Arun 010D,E01031458,Arun 010,E02006551,NHS Sussex,E38000265
4697551310.0,node,55.0111438,-1.4565366,Priory Day Hospital,Unknown,no,Unknown,NE29 0SF,NE29,-1.456596,55.011193,Tynemouth,Tynemouth,E14001557,E14001557,North Tyneside,E08000022,Preston with Preston Grange,E05015877,"North Tyneside, unparished area",E43000176,,E99999999,North East,North Tyneside,North East,England,North Tyneside 022B,E01008524,North Tyneside 022,E02001759,NHS North East and North Cumbria,E38000127
4726181824.0,node,53.4394484,-2.7190111,St Helens Hospital,Unknown,Unknown,hospital,WA9 3DA,WA9,-2.718901,53.439528,St Helens South and Whiston,St Helens South and Whiston,E14001510,E14001510,St. Helens,E08000013,Peasley Cross & Fingerpost,E05014129,"St. Helens, unparished area",E43000278,,E99999999,North West,Halton and St Helens,North West,England,St. Helens 014A,E01006845,St. Helens 014,E02001419,NHS Cheshire and Merseyside,E38000172
4870668721.0,node,50.8314371,-0.1556496,The Montefiore Hospital,Spire Healthcare Group,Unknown,hospital,BN3 1RD,BN3,-0.154872,50.831848,Hove and Portslade,Hove and Portslade,E14001296,E14001296,Brighton and Hove,E06000043,Goldsmid,E05015401,"Brighton and Hove, unparished area",E43000034,,E99999999,South East Coast,Brighton and Hove City,South East,England,Brighton and Hove 020C,E01016875,Brighton and Hove 020,E02003510,NHS Sussex,E38000021
5396192778.0,node,51.7284068,-2.5384763,Lydney & District Hospital,Unknown,yes,Unknown,GL15 5JH,GL15,-2.537489,51.728395,Forest of Dean,Forest of Dean,E14001240,E14001240,Forest of Dean,E07000080,Lydney West & Aylburton,E05012167,Lydney,E04004313,Gloucestershire,E10000013,South West,Gloucestershire,South West,England,Forest of Dean 009B,E01022227,Forest of Dean 009,E02004634,NHS Gloucestershire,E38000062
5429171518.0,node,50.7088926,-1.2994988,Laidlaw Day Hospital,Unknown,Unknown,hospital,PO30 5TB,PO30,-1.299229,50.708616,Isle of Wight West,Isle of Wight West,E14001304,E14001304,Isle of Wight,E06000046,Parkhurst & Hunnyhill,E05013384,Newport and Carisbrooke,E04001323,,E99999999,South Central,Isle of Wight National Health Service,South East,England,Isle of Wight 008E,E01017334,Isle of Wight 008,E02003588,NHS Hampshire and Isle of Wight,E38000253
6988306354.0,node,50.4163165,-4.1142456,University Hospital Plymouth Derriford,Unknown,no,hospital,PL6 8BQ,PL6,-4.113995,50.416099,Plymouth Moor View,Plymouth Moor View,E14001426,E14001426,Plymouth,E06000026,Moor View,E05002086,"Plymouth, unparished area",E43000021,,E99999999,South West,Plymouth Teaching,South West,England,Plymouth 005C,E01015092,Plymouth 005,E02003126,NHS Devon,E38000230
7001101423.0,node,53.2104998,-0.1137645,Horncastle War Memorial Hospital,Lincolnshire Community Health Services NHS Trust,Unknown,hospital,LN9 5DX,LN9,-0.114361,53.21022,Louth and Horncastle,Louth and Horncastle,E14001343,E14001343,East Lindsey,E07000137,Horncastle,E05009885,Horncastle,E04005665,Lincolnshire,E10000019,East Midlands,Lincolnshire Teaching,East Midlands,England,East Lindsey 011B,E01026065,East Lindsey 011,E02005434,NHS Lincolnshire,E38000238
7409961179.0,node,52.2514478,-0.8784717,St Matthews Hospital,St. Matthews Limited,Unknown,hospital,NN2 7HG,NN2,-0.87922,52.251624,Northampton North,Northampton North,E14001406,E14001406,West Northamptonshire,E06000062,St. George,E05013264,Northampton,E04013033,,E99999999,East Midlands,Northamptonshire Teaching,East Midlands,England,Northampton 015A,E01027184,Northampton 015,E02005664,NHS Northamptonshire,E38000262
9212650768.0,node,51.4422302,0.2267637,Livingstone Community Hospitals,Unknown,no,hospital,DA1 1SA,DA1,0.226798,51.442226,Dartford,Dartford,E14001191,E14001191,Dartford,E07000107,Brent,E05012393,"Dartford, unparished area",E43000286,Kent,E10000016,South East Coast,West Kent,South East,England,Dartford 008C,E01024137,Dartford 008,E02005035,NHS Kent and Medway,E38000237
9212731697.0,node,51.1415748,0.916478,WIlliam Harvey Hospital,Unknown,yes,hospital,TN24 0LZ,TN24,0.916209,51.141489,Ashford,Ashford,E14001069,E14001069,Ashford,E07000105,Willesborough,E05011780,"Ashford, unparished area",E43000287,Kent,E10000016,South East Coast,Eastern and Coastal Kent,South East,England,Ashford 006E,E01024004,Ashford 006,E02005001,NHS Kent and Medway,E38000237
9258408448.0,node,52.6173341,1.2209655,Norfolk and Norwich University Hospital:Emergency Department,Unknown,yes,hospital,NR4 7UY,NR4,1.221195,52.617567,South Norfolk,South Norfolk,E14001489,E14001489,South Norfolk,E07000149,Cringleford,E05011871,Colney,E04006532,Norfolk,E10000020,East of England,Norfolk,East of England,England,South Norfolk 002C,E01026883,South Norfolk 002,E02005598,NHS Norfolk and Waveney,E38000239
10917722362.0,node,50.8582719,-0.9748866,Elmleigh Hospital,Unknown,Unknown,Unknown,PO9 2XD,PO9,-0.974382,50.858867,Havant,Havant,E14001275,E14001275,Havant,E07000090,Havant St Faith's,E05015585,"Havant, unparished area",E43000072,Hampshire,E10000014,South Central,Hampshire,South East,England,Havant 014E,E01022957,Havant 014,E02004775,NHS Hampshire and Isle of Wight,E38000253
11170258999.0,node,51.4687588,-0.0927953,King's College Hospital Emergency Department,Unknown,yes,hospital,SE5 9RW,SE5,-0.093251,51.469505,Dulwich and West Norwood,Dulwich and West Norwood,E14001205,E14001205,Lambeth,E09000022,Herne Hill & Loughborough Junction,E05014104,"Lambeth, unparished area",E43000212,,E99999999,London,Lambeth,London,England,Lambeth 014C,E01003076,Lambeth 014,E02000631,NHS South East London,E38000244
11955688934.0,node,51.1898321,-2.5623233,"Practice Plus Group Hospital, Shepton Mallet",Unknown,Unknown,hospital,BA4 4LP,BA4,-2.56272,51.189732,Wells and Mendip Hills,Wells and Mendip Hills,E14001572,E14001572,Somerset,E06000066,Shepton Mallet,E05014378,Shepton Mallet,E04008585,,E99999999,South West,Somerset,South West,England,Mendip 009C,E01029065,Mendip 009,E02006055,NHS Somerset,E38000150
12026398668.0,node,51.4691229,-0.0927114,Dental Hospital,Unknown,Unknown,hospital,SE5 9RW,SE5,-0.093251,51.469505,Dulwich and West Norwood,Dulwich and West Norwood,E14001205,E14001205,Lambeth,E09000022,Herne Hill & Loughborough Junction,E05014104,"Lambeth, unparished area",E43000212,,E99999999,London,Lambeth,London,England,Lambeth 014C,E01003076,Lambeth 014,E02000631,NHS South East London,E38000244
12097233410.0,node,53.7864778,-2.6478674,Greater Lancashire Hospital,Unknown,Unknown,Unknown,PR2 5BW,PR2,-2.647808,53.786429,Preston,Preston,E14001433,E14001433,Preston,E07000123,Ribbleton,E05012206,"Preston, unparished area",E43000225,Lancashire,E10000017,North West,Central Lancashire,North West,England,Preston 007A,E01025234,Preston 007,E02005259,NHS Lancashire and South Cumbria,E38000227
12152081139.0,node,51.6490168,-0.4042252,Watford General Hospital,https://www.westhertshospitals.nhs.uk/about/watfordgeneralhospital.asp,yes,hospital,WD18 0HB,WD18,-0.404187,51.648921,Watford,Watford,E14001568,E14001568,Watford,E07000103,Vicarage,E05011056,"Watford, unparished area",E43000082,Hertfordshire,E10000015,East of England,Hertfordshire,East of England,England,Watford 010D,E01023902,Watford 010,E02004977,NHS Hertfordshire and West Essex,E38000079
12601902086.0,node,51.5196573,-0.1380023,National Hospital for Neurology and Neurosurgery at Cleveland Street,NHS,Unknown,hospital,W1T 3BJ,W1T,-0.138061,51.519648,Cities of London and Westminster,Cities of London and Westminster,E14001172,E14001172,Westminster,E09000033,West End,E05013808,"Westminster, unparished area",E43000236,,E99999999,London,Westminster,London,England,Westminster 013B,E01004763,Westminster 013,E02000972,NHS North West London,E38000256
4271138.0,way,51.613284,-0.0735435,North Middlesex University Hospital,Unknown,yes,hospital,N18 1QX,N18,-0.07375,51.613094,Edmonton and Winchmore Hill,Edmonton and Winchmore Hill,E14001221,E14001221,Enfield,E09000010,Upper Edmonton,E05013694,"Enfield, unparished area",E43000200,,E99999999,London,Enfield,London,England,Enfield 037E,E01032574,Enfield 037,E02006793,NHS North Central London,E38000240
4356408.0,way,51.3975104,-0.1631461,The Wilson Hospital,NHS,Unknown,hospital,CR4 4TP,CR4,-0.163262,51.397252,Mitcham and Morden,Mitcham and Morden,E14001371,E14001371,Merton,E09000024,Cricket Green,E05013813,"Merton, unparished area",E43000214,,E99999999,London,Sutton and Merton,London,England,Merton 022B,E01003375,Merton 022,E02000710,NHS South West London,E38000245
4363883.0,way,51.5173881,-0.235288,Hammersmith Hospital,Unknown,Unknown,hospital,W12 0HS,W12,-0.234721,51.51742,Ealing Central and Acton,Ealing Central and Acton,E14001207,E14001207,Hammersmith and Fulham,E09000013,College Park & Old Oak,E05013736,"Hammersmith and Fulham, unparished area",E43000203,,E99999999,London,Hammersmith and Fulham,London,England,Hammersmith and Fulham 001C,E01001876,Hammersmith and Fulham 001,E02000372,NHS North West London,E38000256
4536914.0,way,51.4264422,-0.1752072,St George's Hospital,St George's University Hospitals NHS Foundation Trust,yes,hospital,SW17 0QT,SW17,-0.175694,51.426682,Tooting,Tooting,E14001550,E14001550,Wandsworth,E09000032,Tooting Broadway,E05014024,"Wandsworth, unparished area",E43000222,,E99999999,London,Wandsworth,London,England,Wandsworth 034D,E01004617,Wandsworth 034,E02000956,NHS South West London,E38000245
4822314.0,way,51.3803771,-0.1845767,St. Helier Hospital,Epsom and St Helier University Hospitals NHS Trust,yes,hospital,SM5 1AA,SM5,-0.183708,51.380188,Carshalton and Wallington,Carshalton and Wallington,E14001153,E14001153,Sutton,E09000029,St Helier West,E05013762,"Sutton, unparished area",E43000219,,E99999999,London,Sutton and Merton,London,England,Sutton 002D,E01004128,Sutton 002,E02000841,NHS South West London,E38000245
4907493.0,way,51.4672064,-0.2558588,Barnes Hospital,Unknown,Unknown,hospital,SW14 8SX,SW14,-0.255331,51.467416,Richmond Park,Richmond Park,E14001445,E14001445,Richmond upon Thames,E09000027,Mortlake & Barnes Common,E05013783,"Richmond upon Thames, unparished area",E43000217,,E99999999,London,Richmond and Twickenham,London,England,Richmond upon Thames 003G,E01003858,Richmond upon Thames 003,E02000786,NHS South West London,E38000245
4981914.0,way,55.9287569,-3.1978374,Astley Ainslie Hospital,Unknown,Unknown,hospital,EH9 2HL,EH9,-3.196904,55.928375,Edinburgh South,Edinburgh South,S14000080,S14000080,City of Edinburgh,S12000036,Southside/Newington,S13002933,,S99999999,,S99999999,Lothian,Edinburgh Community Health Partnership,,Scotland,Morningside - 01,S01008624,Morningside,S02001615,Edinburgh Community Health Partnership,S03000042
5120232.0,way,55.9437762,-3.2640546,Spire Murrayfield Hospital,Unknown,Unknown,Unknown,EH12 6TU,EH12,-3.264593,55.944191,Edinburgh West,Edinburgh West,S14000082,S14000082,City of Edinburgh,S12000036,Corstorphine/Murrayfield,S13002924,,S99999999,,S99999999,Lothian,Edinburgh Community Health Partnership,,Scotland,Murrayfield and Ravelston - 01,S01008881,Murrayfield and Ravelston,S02001662,Edinburgh Community Health Partnership,S03000042
7704711.0,way,53.5649581,-2.872584,Ormskirk District General Hospital,Unknown,Unknown,hospital,L39 2AZ,L39,-2.871252,53.564616,West Lancashire,West Lancashire,E14001577,E14001577,West Lancashire,E07000127,Ormskirk East,E05014934,"West Lancashire, unparished area",E43000101,Lancashire,E10000017,North West,Central Lancashire,North West,England,West Lancashire 007A,E01025488,West Lancashire 007,E02005310,NHS Lancashire and South Cumbria,E38000200
7989424.0,way,51.6485174,-0.4020442,Watford General Hospital,NHS,yes,hospital,WD18 0LT,WD18,-0.400957,51.648478,Watford,Watford,E14001568,E14001568,Watford,E07000103,Vicarage,E05011056,"Watford, unparished area",E43000082,Hertfordshire,E10000015,East of England,Hertfordshire,East of England,England,Watford 010D,E01023902,Watford 010,E02004977,NHS Hertfordshire and West Essex,E38000079
10061231.0,way,52.7732631,-1.2258229,Loughborough Hospital,Unknown,Unknown,hospital,LE11 5JY,LE11,-1.225946,52.773291,Loughborough,Loughborough,E14001342,E14001342,Charnwood,E07000130,Loughborough Storer,E05014677,"Charnwood, unparished area",E43000264,Leicestershire,E10000018,East Midlands,Leicestershire County and Rutland,East Midlands,England,Charnwood 003D,E01025723,Charnwood 003,E02005347,"NHS Leicester, Leicestershire and Rutland",E38000201
10297730.0,way,54.5970115,-5.8116589,Ulster Hospital,South Eastern Health and Social Care Trust,yes,hospital,BT16 1RH,BT16,-5.811301,54.596795,Belfast East,Belfast East,N05000001,N05000001,Lisburn and Castlereagh,N09000007,Dundonald,N08000715,,N99999999,,N99999999,Health & Social Care Board,Belfast,,Northern Ireland,Dundonald 1,95II09S1,,N99999999,Belfast,ZC010
16109582.0,way,51.1166383,-0.1973564,Crawley Hospital,Unknown,Unknown,hospital,RH11 7DH,RH11,-0.197375,51.1166,Crawley,Crawley,E14001184,E14001184,Crawley,E07000226,Northgate & West Green,E05012921,"Crawley, unparished area",E43000148,West Sussex,E10000032,South East Coast,West Sussex,South East,England,Crawley 007E,E01031608,Crawley 007,E02006581,NHS Sussex,E38000265
20184882.0,way,51.4443852,-0.4733728,Ashford Hospital,Ashford and St. Peter's Hospitals NHS Foundation Trust,no,hospital,TW15 3AA,TW15,-0.472813,51.444022,Spelthorne,Spelthorne,E14001505,E14001505,Spelthorne,E07000213,Ashford North and Stanwell South,E05007364,"Spelthorne, unparished area",E43000142,Surrey,E10000030,South East Coast,Surrey,South East,England,Spelthorne 003A,E01030707,Spelthorne 003,E02006405,NHS Surrey Heartlands,E38000264
21806280.0,way,51.7641092,-1.2194901,John Radcliffe Hospital,Unknown,yes,hospital,OX3 9BQ,OX3,-1.219773,51.763867,Oxford East,Oxford East,E14001419,E14001419,Oxford,E07000178,Headington Hill & Northway,E05013104,"Oxford, unparished area",E43000128,Oxfordshire,E10000025,South Central,Oxfordshire,South East,England,Oxford 006A,E01028534,Oxford 006,E02005945,"NHS Buckinghamshire, Oxfordshire and Berkshire West",E38000136
22724491.0,way,51.6835309,-3.935429,Morriston Hospital,Unknown,Unknown,hospital,SA6 6LG,SA6,-3.935682,51.683862,Swansea West,Swansea West,W07000108,W07000108,Swansea,W06000011,Morriston,W05001055,Morriston,W04000971,,W99999999,Swansea Bay University Health Board,Swansea Bay University Health Board,,Wales,Swansea 003F,W01000816,Swansea 003,W02000170,Swansea Bay University,W11000031
23011023.0,way,55.0025688,-1.5931804,Freeman Hospital,Unknown,Unknown,hospital,NE7 7DN,NE7,-1.593392,55.002783,Newcastle upon Tyne North,Newcastle upon Tyne North,E14001379,E14001379,Newcastle upon Tyne,E08000021,Dene & South Gosforth,E05011443,"Newcastle upon Tyne, unparished area",E43000270,,E99999999,North East,Newcastle,North East,England,Newcastle upon Tyne 007D,E01008321,Newcastle upon Tyne 007,E02001714,NHS North East and North Cumbria,E38000212
23109454.0,way,51.4149164,-0.2826846,Kingston Hospital,Unknown,yes,hospital,KT2 7QB,KT2,-0.282601,51.414826,Richmond Park,Richmond Park,E14001445,E14001445,Kingston upon Thames,E09000021,Coombe Hill,E05013932,"Kingston upon Thames, unparished area",E43000211,,E99999999,London,Kingston,London,England,Kingston upon Thames 003D,E01002954,Kingston upon Thames 003,E02000600,NHS South West London,E38000245
23259029.0,way,52.7089635,-2.7938098,Royal Shrewsbury Hospital,NHS,yes,hospital,SY3 8XQ,SY3,-2.793689,52.709274,Shrewsbury,Shrewsbury,E14001473,E14001473,Shropshire,E06000051,Bowbrook,E05008144,Shrewsbury,E04011358,,E99999999,West Midlands,Shropshire County,West Midlands,England,Shropshire 020B,E01028942,Shropshire 020,E02006034,"NHS Shropshire, Telford and Wrekin",E38000257
23280159.0,way,50.7859854,0.2707186,Eastbourne District General Hospital,NHS England,yes,hospital,BN21 2YR,BN21,0.270981,50.785226,Eastbourne,Eastbourne,E14001219,E14001219,Eastbourne,E07000061,Ratton,E05011579,"Eastbourne, unparished area",E43000055,East Sussex,E10000011,South East Coast,East Sussex Downs and Weald,South East,England,Eastbourne 008A,E01020948,Eastbourne 008,E02004363,NHS Sussex,E38000235
23636753.0,way,54.0727631,-2.8588556,Queen Victoria Hospital,Lancashire & South Cumbria NHS Foundation Trust,Unknown,hospital,LA4 5NN,LA4,-2.858631,54.072877,Morecambe and Lunesdale,Morecambe and Lunesdale,E14001372,E14001372,Lancaster,E07000121,Poulton,E05014900,Morecambe,E04012009,Lancashire,E10000017,North West,North Lancashire Teaching,North West,England,Lancaster 006B,E01025136,Lancaster 006,E02005226,NHS Lancashire and South Cumbria,E38000228
23760344.0,way,53.3753212,-1.5359314,The Claremont Hospital,Unknown,Unknown,hospital,S10 5UB,S10,-1.536039,53.375454,Sheffield Hallam,Sheffield Hallam,E14001468,E14001468,Sheffield,E08000019,Crookes and Crosspool,E05010863,"Sheffield, unparished area",E43000173,,E99999999,Yorkshire and the Humber,Sheffield,Yorkshire and The Humber,England,Sheffield 033B,E01007953,Sheffield 033,E02001643,NHS South Yorkshire,E38000146
24414388.0,way,51.60561,-0.1770117,Finchley Memorial Hospital,Unknown,no,hospital,N12 0JE,N12,-0.176595,51.60546,Finchley and Golders Green,Finchley and Golders Green,E14001238,E14001238,Barnet,E09000003,West Finchley,E05013648,"Barnet, unparished area",E43000193,,E99999999,London,Barnet,London,England,Barnet 027E,E01000316,Barnet 027,E02000050,NHS North Central London,E38000240
24437660.0,way,51.6620161,-0.0839186,St Michael's Community Hospital,Unknown,Unknown,hospital,EN2 0JB,EN2,-0.084383,51.662127,Enfield North,Enfield North,E14001225,E14001225,Enfield,E09000010,Town,E05013693,"Enfield, unparished area",E43000200,,E99999999,London,Enfield,London,England,Enfield 008D,E01001541,Enfield 008,E02000284,NHS North Central London,E38000240
24648544.0,way,51.5314837,-0.2676149,Central Middlesex Hospital,Unknown,yes,hospital,NW10 7LS,NW10,-0.267418,51.530652,Brent East,Brent East,E14001122,E14001122,Brent,E09000005,Stonebridge,E05013510,"Brent, unparished area",E43000195,,E99999999,London,Brent Teaching,London,England,Brent 027E,E01000600,Brent 027,E02000119,NHS North West London,E38000256
24826184.0,way,51.8131241,-4.9646904,Withybush Hospital,Unknown,Unknown,hospital,SA61 2PZ,SA61,-4.965247,51.81272,Mid and South Pembrokeshire,Mid and South Pembrokeshire,W07000100,W07000100,Pembrokeshire,W06000009,Haverfordwest: Prendergast,W05001448,Haverfordwest,W04000941,,W99999999,Hywel Dda University Health Board,Hywel Dda University Health Board,,Wales,Pembrokeshire 005D,W01000572,Pembrokeshire 005,W02000130,Hywel Dda University,W11000025
25119434.0,way,52.0408429,-0.021915,Royston Hospital,Unknown,Unknown,Unknown,SG8 9EN,SG8,-0.021788,52.040855,North East Hertfordshire,North East Hertfordshire,E14001393,E14001393,North Hertfordshire,E07000099,Royston Heath,E05015775,Royston,E04004793,Hertfordshire,E10000015,East of England,Hertfordshire,East of England,England,North Hertfordshire 002B,E01023655,North Hertfordshire 002,E02004910,NHS Cambridgeshire and Peterborough,E38000260
25346573.0,way,54.5938304,-5.7055973,Ards Hospital,Unknown,Unknown,hospital,BT23 4AS,BT23,-5.706238,54.594372,Strangford,Strangford,N05000016,N05000016,Ards and North Down,N09000011,Scrabo,N08001136,,N99999999,,N99999999,Health & Social Care Board,South Eastern,,Northern Ireland,Bradshaw's Brae 1,95BB04S1,,N99999999,South Eastern,ZC040
25776395.0,way,55.94374,-4.8094802,Inverclyde Royal Hospital,Unknown,yes,hospital,PA16 0XN,PA16,-4.809251,55.943981,Inverclyde and Renfrewshire West,Inverclyde and Renfrewshire West,S14000093,S14000093,Inverclyde,S12000018,Inverclyde South,S13003017,,S99999999,,S99999999,Greater Glasgow and Clyde,Inverclyde Community Health and Care Partnership,,Scotland,"Lower Bow and Larkfield, Fancy Farm, Mallard Bowl - 01",S01010856,"Lower Bow and Larkfield, Fancy Farm, Mallard Bowl",S02002041,Inverclyde Community Health Partnership,S03000018
26006210.0,way,51.5322498,-0.5740083,Wexham Park Hospital,Frimley Health NHS Foundation Trust,yes,hospital,SL2 4HL,SL2,-0.573992,51.532007,Slough,Slough,E14001477,E14001477,Slough,E06000039,Wexham Court,E05015545,Wexham Court,E04001211,,E99999999,South Central,Berkshire East,South East,England,Slough 005D,E01016519,Slough 005,E02003411,NHS Frimley,E38000252
26624836.0,way,51.5386736,-0.9090387,Townlands Memorial Hospital,Oxford Health NHS Foundation Trust,Unknown,hospital,RG9 2DR,RG9,-0.90797,51.538741,Henley and Thame,Henley and Thame,E14001280,E14001280,South Oxfordshire,E07000179,Henley-on-Thames,E05015558,Henley-on-Thames,E04013294,Oxfordshire,E10000025,South Central,Oxfordshire,South East,England,South Oxfordshire 016C,E01028652,South Oxfordshire 016,E02005973,"NHS Buckinghamshire, Oxfordshire and Berkshire West",E38000136
26923897.0,way,56.4767928,-2.9871666,Kings Cross Hospital,NHS Tayside,Unknown,hospital,DD3 8EA,DD3,-2.986669,56.477619,Dundee Central,Dundee Central,S14000075,S14000075,Dundee City,S12000042,Coldside,S13002548,,S99999999,,S99999999,Tayside,Dundee Community Health Partnership,,Scotland,Fairmuir - 03,S01007825,Fairmuir,S02001468,Dundee Community Health Partnership,S03000039
27408592.0,way,53.7837358,-1.7617133,St. Luke's Hospital,Unknown,no,Unknown,BD5 0NA,BD5,-1.760706,53.783714,Bradford West,Bradford West,E14001120,E14001120,Bradford,E08000032,City,E05001347,Trident,E04010587,,E99999999,Yorkshire and the Humber,Bradford and Airedale Teaching,Yorkshire and The Humber,England,Bradford 048C,E01010733,Bradford 048,E02002230,NHS West Yorkshire,E38000232
28198618.0,way,51.6279291,-3.9886673,Cefn Coed Hospital,Unknown,Unknown,hospital,SA2 0GH,SA2,-3.988817,51.628084,Swansea West,Swansea West,W07000108,W07000108,Swansea,W06000011,Sketty,W05001064,Sketty,W04000595,,W99999999,Swansea Bay University Health Board,Swansea Bay University Health Board,,Wales,Swansea 022B,W01000854,Swansea 022,W02000189,Swansea Bay University,W11000031
28226427.0,way,51.5292405,-0.1192676,"Royal National Throat, Nose and Ear Hospital",Unknown,Unknown,hospital,WC1X 8BZ,WC1X,-0.119163,51.529205,Holborn and St Pancras,Holborn and St Pancras,E14001290,E14001290,Camden,E09000007,King's Cross,E05013666,"Camden, unparished area",E43000197,,E99999999,London,Camden,London,England,Camden 024C,E01000939,Camden 024,E02000189,NHS North Central London,E38000240
28802741.0,way,51.7633695,-3.3862286,Prince Charles Hospital / Ysbyty'r Tywysog Siarl,Unknown,Unknown,hospital,CF47 9DT,CF47,-3.385743,51.764176,Merthyr Tydfil and Aberdare,Merthyr Tydfil and Aberdare,W07000099,W07000099,Merthyr Tydfil,W06000024,Gurnos,W05001619,Gurnos,W04000716,,W99999999,Cwm Taf Morgannwg University Health Board,Cwm Taf Morgannwg University Health Board,,Wales,Merthyr Tydfil 008A,W01001299,Merthyr Tydfil 008,W02000415,Cwm Taf Morgannwg University,W11000030
29088011.0,way,50.7451615,-1.790275,Christchurch Hospital,Royal Bournemouth & Christchurch Hospitals NHS Foundation Trust,no,hospital,BH23 2JX,BH23,-1.790155,50.745165,Christchurch,Christchurch,E14001171,E14001171,"Bournemouth, Christchurch and Poole",E06000058,Commons,E05012659,Christchurch,E04012814,,E99999999,South West,Dorset,South West,England,Christchurch 002D,E01020359,Christchurch 002,E02004237,NHS Dorset,E38000045
29182720.0,way,52.8172068,-1.6559312,Queen's Hospital,Unknown,Unknown,hospital,DE13 0RB,DE13,-1.656384,52.817775,Burton and Uttoxeter,Burton and Uttoxeter,E14001143,E14001143,East Staffordshire,E07000193,Horninglow & Outwoods,E05014482,Horninglow and Eton,E04008911,Staffordshire,E10000028,West Midlands,South Staffordshire,West Midlands,England,East Staffordshire 007B,E01029435,East Staffordshire 007,E02006137,NHS Staffordshire and Stoke-on-Trent,E38000053
29234032.0,way,50.8501874,-1.0700386,Queen Alexandra Hospital,NHS,yes,hospital,PO6 3LY,PO6,-1.069932,50.850297,Portsmouth North,Portsmouth North,E14001431,E14001431,Portsmouth,E06000044,Cosham,E05002445,"Portsmouth, unparished area",E43000035,,E99999999,South Central,Portsmouth City Teaching,South East,England,Portsmouth 002A,E01017051,Portsmouth 002,E02003525,NHS Hampshire and Isle of Wight,E38000137
29443690.0,way,51.283807,-0.0855357,Caterham Dene Hospital & Minor Injuries Unit,Unknown,Unknown,hospital,CR3 5RA,CR3,-0.085202,51.283627,East Surrey,East Surrey,E14001215,E14001215,Tandridge,E07000215,Portley & Queens Park,E05015895,Caterham-on-the-Hill,E04009596,Surrey,E10000030,South East Coast,Surrey,South East,England,Tandridge 005B,E01030847,Tandridge 005,E02006432,NHS Surrey Heartlands,E38000264
30449842.0,way,51.377117,1.3890081,Queen Elizabeth The Queen Mother Hospital,NHS,Unknown,hospital,CT9 4BG,CT9,1.387926,51.377178,East Thanet,East Thanet,E14001216,E14001216,Thanet,E07000114,Salmestone,E05005098,"Thanet, unparished area",E43000241,Kent,E10000016,South East Coast,Eastern and Coastal Kent,South East,England,Thanet 004D,E01024694,Thanet 004,E02005135,NHS Kent and Medway,E38000237
30851505.0,way,51.8660903,-2.2324907,Gloucestershire Royal Hospital,NHS,yes,hospital,GL1 3NL,GL1,-2.232073,51.866379,Gloucester,Gloucester,E14001248,E14001248,Gloucester,E07000081,Kingsholm and Wotton,E05010958,"Gloucester, unparished area",E43000067,Gloucestershire,E10000013,South West,Gloucestershire,South West,England,Gloucester 002D,E01022312,Gloucester 002,E02004637,NHS Gloucestershire,E38000062
31557625.0,way,50.7119464,-3.0718298,Seaton Hospital,Unknown,Unknown,hospital,EX12 2UU,EX12,-3.071506,50.711803,Honiton and Sidmouth,Honiton and Sidmouth,E14001291,E14001291,East Devon,E07000040,Seaton,E05011802,Seaton,E04002986,Devon,E10000008,South West,Devon,South West,England,East Devon 010C,E01019948,East Devon 010,E02004138,NHS Devon,E38000230
32500286.0,way,50.3780503,-4.1130814,Mount Gould Hospital,Unknown,no,hospital,PL4 7QD,PL4,-4.112782,50.37838,Plymouth Sutton and Devonport,Plymouth Sutton and Devonport,E14001427,E14001427,Plymouth,E06000026,Sutton and Mount Gould,E05002097,"Plymouth, unparished area",E43000021,,E99999999,South West,Plymouth Teaching,South West,England,Plymouth 021F,E01015176,Plymouth 021,E02003142,NHS Devon,E38000230
32949924.0,way,50.7502411,-3.291435,Ottery St Mary Hospital,Unknown,Unknown,hospital,EX11 1DN,EX11,-3.291574,50.750113,Honiton and Sidmouth,Honiton and Sidmouth,E14001291,E14001291,East Devon,E07000040,Ottery St Mary,E05011801,Ottery St. Mary,E04012660,Devon,E10000008,South West,Devon,South West,England,East Devon 008C,E01019942,East Devon 008,E02004136,NHS Devon,E38000230
33391556.0,way,51.6721966,-4.0479854,Gorseinon Hospital,Unknown,Unknown,hospital,SA4 4UU,SA4,-4.048004,51.672119,Gower,Gower,W07000097,W07000097,Swansea,W06000011,Gorseinon and Penyrheol,W05001047,Gorseinon,W04000964,,W99999999,Swansea Bay University Health Board,Swansea Bay University Health Board,,Wales,Swansea 005E,W01000843,Swansea 005,W02000172,Swansea Bay University,W11000031
33526229.0,way,50.8345492,-0.081974,Nuffield Health Brighton Hospital,Nuffield Health,Unknown,hospital,BN2 6DX,BN2,-0.081925,50.834518,Brighton Kemptown and Peacehaven,Brighton Kemptown and Peacehaven,E14001129,E14001129,Brighton and Hove,E06000043,Woodingdean,E05015420,"Brighton and Hove, unparished area",E43000034,,E99999999,South East Coast,Brighton and Hove City,South East,England,Brighton and Hove 017B,E01017008,Brighton and Hove 017,E02003507,NHS Sussex,E38000021
33721519.0,way,51.7602574,-1.2154791,The Manor Hospital,Nuffield Health,no,hospital,OX3 7RP,OX3,-1.215533,51.760443,Oxford East,Oxford East,E14001419,E14001419,Oxford,E07000178,Headington,E05013103,"Oxford, unparished area",E43000128,Oxfordshire,E10000025,South Central,Oxfordshire,South East,England,Oxford 006D,E01028537,Oxford 006,E02005945,"NHS Buckinghamshire, Oxfordshire and Berkshire West",E38000136
34075767.0,way,54.7543924,-1.3332639,Peterlee Community Hospital,Unknown,Unknown,hospital,SR8 5UP,SR8,-1.333039,54.754067,Easington,Easington,E14001211,E14001211,County Durham,E06000047,Peterlee East,E05009074,Peterlee,E04010677,,E99999999,North East,County Durham,North East,England,County Durham 037A,E01020746,County Durham 037,E02004329,NHS North East and North Cumbria,E38000234
34213599.0,way,50.7247155,-3.5139967,Royal Devon & Exeter Hospital (Heavitree),Unknown,no,hospital,EX1 2ED,EX1,-3.514192,50.724743,Exeter,Exeter,E14001231,E14001231,Exeter,E07000041,Newtown and St Leonard's,E05011016,"Exeter, unparished area",E43000052,Devon,E10000008,South West,Devon,South West,England,Exeter 008B,E01019995,Exeter 008,E02004156,NHS Devon,E38000230
34375218.0,way,51.7601507,-0.3439161,St Albans City Hospital,NHS,no,hospital,AL3 5PN,AL3,-0.343963,51.760074,St Albans,St Albans,E14001507,E14001507,St Albans,E07000240,Batchwood,E05013947,"St Albans, unparished area",E43000290,Hertfordshire,E10000015,East of England,Hertfordshire,East of England,England,St Albans 009A,E01023669,St Albans 009,E02004932,NHS Hertfordshire and West Essex,E38000079
34544916.0,way,53.4846467,-2.7496415,Fairfield Hospital,Unknown,Unknown,hospital,WA11 7RS,WA11,-2.750074,53.484549,St Helens North,St Helens North,E14001509,E14001509,St. Helens,E08000013,Rainford,E05014130,Rainford,E04000025,,E99999999,North West,Halton and St Helens,North West,England,St. Helens 001D,E01006885,St. Helens 001,E02001406,NHS Cheshire and Merseyside,E38000172
35070756.0,way,51.893023,-2.0717942,Cheltenham General Hospital,Unknown,Unknown,hospital,GL53 7HH,GL53,-2.072568,51.893406,Cheltenham,Cheltenham,E14001161,E14001161,Cheltenham,E07000078,College,E05015709,"Cheltenham, unparished area",E43000255,Gloucestershire,E10000013,South West,Gloucestershire,South West,England,Cheltenham 009A,E01022116,Cheltenham 009,E02004608,NHS Gloucestershire,E38000062
35221820.0,way,51.1490287,0.3083364,Tunbridge Wells Hospital Pembury,Unknown,yes,hospital,TN2 4QJ,TN2,0.307498,51.148451,Tunbridge Wells,Tunbridge Wells,E14001555,E14001555,Tunbridge Wells,E07000116,Pembury & Capel,E05015811,Pembury,E04005127,Kent,E10000016,South East Coast,West Kent,South East,England,Tunbridge Wells 004B,E01024825,Tunbridge Wells 004,E02005165,NHS Kent and Medway,E38000237
38292012.0,way,50.7164476,-3.5119479,Nuffield Hospital,Nuffield Health,no,hospital,EX2 4UF,EX2,-3.511984,50.716032,Exeter,Exeter,E14001231,E14001231,Exeter,E07000041,Newtown and St Leonard's,E05011016,"Exeter, unparished area",E43000052,Devon,E10000008,South West,Devon,South West,England,Exeter 009B,E01020023,Exeter 009,E02004157,NHS Devon,E38000230
38738557.0,way,52.343695,-2.0559671,Princess of Wales Community Hospital,Unknown,Unknown,hospital,B61 0BA,B61,-2.055897,52.344172,Bromsgrove,Bromsgrove,E14001138,E14001138,Bromsgrove,E07000234,Lowes Hill,E05009840,"Bromsgrove, unparished area",E43000151,Worcestershire,E10000034,West Midlands,Worcestershire,West Midlands,England,Bromsgrove 008D,E01032153,Bromsgrove 008,E02006703,NHS Herefordshire and Worcestershire,E38000236
38930872.0,way,51.3578197,-2.3713165,Saint Martin's Hospital,Unknown,Unknown,hospital,BA2 5SR,BA2,-2.371599,51.357857,Bath,Bath,E14001080,E14001080,Bath and North East Somerset,E06000022,Odd Down,E05012479,"Bath and North East Somerset, unparished area",E43000018,,E99999999,South West,Bath and North East Somerset,South West,England,Bath and North East Somerset 017B,E01014416,Bath and North East Somerset 017,E02003001,"NHS Bath and North East Somerset, Swindon and Wiltshire",E38000231
39536871.0,way,52.712424,-2.5128576,Princess Royal Hospital,Unknown,yes,hospital,TF1 6TF,TF1,-2.511491,52.712107,The Wrekin,The Wrekin,E14001543,E14001543,Telford and Wrekin,E06000020,Apley Castle,E05015208,Hadley & Leegomery,E04000930,,E99999999,West Midlands,Telford and Wrekin,West Midlands,England,Telford and Wrekin 007A,E01014102,Telford and Wrekin 007,E02002934,"NHS Shropshire, Telford and Wrekin",E38000257
40545311.0,way,51.6181978,-3.0043072,St. Joseph's Hospital,Unknown,Unknown,hospital,NP20 6ZE,NP20,-3.005004,51.618242,Newport East,Newport East,W07000104,W07000104,Newport,W06000022,Malpas,W05001637,Malpas,W04000822,,W99999999,Aneurin Bevan University Health Board,Aneurin Bevan University Health Board,,Wales,Newport 002A,W01001651,Newport 002,W02000348,Aneurin Bevan University,W11000028
40608443.0,way,51.6135052,-2.9658085,St. Cadoc's Hospital,Aneurin Bevan University Health Board,no,hospital,NP18 3XQ,NP18,-2.966736,51.613177,Newport East,Newport East,W07000104,W07000104,Newport,W06000022,Caerleon,W05001632,Caerleon,W04000813,,W99999999,Aneurin Bevan University Health Board,Aneurin Bevan University Health Board,,Wales,Newport 001D,W01001626,Newport 001,W02000347,Aneurin Bevan University,W11000028
40608609.0,way,51.5801918,-2.997919,Royal Gwent Hospital,Aneurin Bevan University Health Board,yes,hospital,NP20 2UB,NP20,-2.99823,51.579754,Newport East,Newport East,W07000104,W07000104,Newport,W06000022,Stow Hill,W05001645,Stow Hill,W04001050,,W99999999,Aneurin Bevan University Health Board,Aneurin Bevan University Health Board,,Wales,Newport 014C,W01001686,Newport 014,W02000360,Aneurin Bevan University,W11000028
40608970.0,way,51.5816382,-3.003001,St Woolos Hospital,Aneurin Bevin Health Board,no,hospital,NP20 4SZ,NP20,-3.00281,51.582249,Newport East,Newport East,W07000104,W07000104,Newport,W06000022,Stow Hill,W05001645,Stow Hill,W04001050,,W99999999,Aneurin Bevan University Health Board,Aneurin Bevan University Health Board,,Wales,Newport 014C,W01001686,Newport 014,W02000360,Aneurin Bevan University,W11000028
41378470.0,way,51.5775152,0.002042,Whipps Cross University Hospital,Unknown,yes,hospital,E11 1RG,E11,0.003443,51.577432,Leyton and Wanstead,Leyton and Wanstead,E14001334,E14001334,Waltham Forest,E09000031,Forest,E05013887,"Waltham Forest, unparished area",E43000221,,E99999999,London,Waltham Forest,London,England,Waltham Forest 019A,E01004363,Waltham Forest 019,E02000913,NHS North East London,E38000255
41676121.0,way,55.9623853,-3.2347813,Western General Hospital (Edinburgh),Unknown,no,hospital,EH4 2XU,EH4,-3.234907,55.961807,Edinburgh West,Edinburgh West,S14000082,S14000082,City of Edinburgh,S12000036,Inverleith,S13002923,,S99999999,,S99999999,Lothian,Edinburgh Community Health Partnership,,Scotland,"Craigleith, Orchard Brae and Crewe Toll - 05",S01008890,"Craigleith, Orchard Brae and Crewe Toll",S02001663,Edinburgh Community Health Partnership,S03000042
41756730.0,way,53.6335846,-2.9785671,Southport and Formby District General Hospital,Unknown,yes,hospital,PR8 6PN,PR8,-2.97882,53.63357,Southport,Southport,E14001504,E14001504,Sefton,E08000014,Kew,E05000941,"Sefton, unparished area",E43000168,,E99999999,North West,Sefton,North West,England,Sefton 008C,E01006999,Sefton 008,E02001436,NHS Cheshire and Merseyside,E38000170
42348205.0,way,54.7023471,-1.2277927,University Hospital of Hartlepool,North Tees and Hartlepool Hospitals NHS Foundation Trust,no,hospital,TS24 9AH,TS24,-1.227837,54.702398,Hartlepool,Hartlepool,E14001272,E14001272,Hartlepool,E06000001,De Bruce,E05013039,"Hartlepool, unparished area",E43000292,,E99999999,North East,Hartlepool,North East,England,Hartlepool 002A,E01011952,Hartlepool 002,E02002484,NHS North East and North Cumbria,E38000247
42792695.0,way,51.6871719,-0.1774184,Potters Bar Community Hospital,Unknown,Unknown,hospital,EN6 2RY,EN6,-0.177519,51.687184,Hertsmere,Hertsmere,E14001284,E14001284,Hertsmere,E07000098,Bentley Heath & The Royds,E05012179,"Hertsmere, unparished area",E43000288,Hertfordshire,E10000015,East of England,Hertfordshire,East of England,England,Hertsmere 003E,E01023575,Hertsmere 003,E02004898,NHS Hertfordshire and West Essex,E38000079
43472275.0,way,54.582608,-1.3474464,North Tees Hospital,North Tees and Hartlepool NHS foundation trust,Unknown,hospital,TS19 8PE,TS19,-1.347581,54.582857,Stockton North,Stockton North,E14001518,E14001518,Stockton-on-Tees,E06000004,Hardwick & Salters Lane,E05014868,"Stockton-on-Tees, unparished area",E43000004,,E99999999,North East,Stockton-on-Tees Teaching,North East,England,Stockton-on-Tees 009H,E01032544,Stockton-on-Tees 009,E02002543,NHS North East and North Cumbria,E38000247
45388015.0,way,51.5174818,-0.1742846,St Mary's Hospital,Unknown,yes,hospital,W2 1BL,W2,-0.174411,51.51754,Cities of London and Westminster,Cities of London and Westminster,E14001172,E14001172,Westminster,E09000033,Hyde Park,E05013796,"Westminster, unparished area",E43000236,,E99999999,London,Westminster,London,England,Westminster 015G,E01033594,Westminster 015,E02000974,NHS North West London,E38000256
45508198.0,way,52.8103578,-2.109532,St George's Hospital,Unknown,Unknown,hospital,ST16 3FL,ST16,-2.109263,52.81065,Stafford,Stafford,E14001513,E14001513,Stafford,E07000197,Coton,E05010482,"Stafford, unparished area",E43000132,Staffordshire,E10000028,West Midlands,South Staffordshire,West Midlands,England,Stafford 009D,E01029725,Stafford 009,E02006196,NHS Staffordshire and Stoke-on-Trent,E38000173
45845641.0,way,53.1764255,-2.8952905,Grosvenor Nuffield Hospital,Unknown,Unknown,hospital,CH4 7QP,CH4,-2.895261,53.176342,Chester South and Eddisbury,Chester South and Eddisbury,E14001164,E14001164,Cheshire West and Chester,E06000050,Handbridge Park,E05012218,"Cheshire West and Chester, unparished area",E43000272,,E99999999,North West,Western Cheshire,North West,England,Cheshire West and Chester 043F,E01018342,Cheshire West and Chester 043,E02003807,NHS Cheshire and Merseyside,E38000233
47449889.0,way,52.9109567,-1.5130336,Royal Derby Hospital,Unknown,yes,hospital,DE22 3NE,DE22,-1.513523,52.910425,Derby North,Derby North,E14001193,E14001193,Derby,E06000015,Littleover,E05015518,"Derby, unparished area",E43000014,,E99999999,East Midlands,Derby City,East Midlands,England,Derby 017C,E01013542,Derby 017,E02002812,NHS Derby and Derbyshire,E38000261
47573694.0,way,51.7829774,-0.1885156,Queen Elizabeth II Hospital,Unknown,yes,Unknown,AL7 4HQ,AL7,-0.188611,51.783371,Welwyn Hatfield,Welwyn Hatfield,E14001573,E14001573,Welwyn Hatfield,E07000241,Howlands,E05011066,"Welwyn Hatfield, unparished area",E43000083,Hertfordshire,E10000015,East of England,Hertfordshire,East of England,England,Welwyn Hatfield 008D,E01023946,Welwyn Hatfield 008,E02004987,NHS Hertfordshire and West Essex,E38000049
47660665.0,way,52.5873005,-2.1417718,West Park Hospital,Unknown,Unknown,hospital,WV1 4PW,WV1,-2.141256,52.587783,Wolverhampton West,Wolverhampton West,E14001596,E14001596,Wolverhampton,E08000031,Park,E05014851,"Wolverhampton, unparished area",E43000185,,E99999999,West Midlands,Wolverhampton City,West Midlands,England,Wolverhampton 017B,E01010508,Wolverhampton 017,E02002165,NHS Black Country,E38000259
47829407.0,way,52.4532071,-1.9431784,Birmingham Women's Hospital,Unknown,Unknown,hospital,B15 2TG,B15,-1.942905,52.45323,Birmingham Edgbaston,Birmingham Edgbaston,E14001092,E14001092,Birmingham,E08000025,Edgbaston,E05011134,"Birmingham, unparished area",E43000250,,E99999999,West Midlands,South Birmingham,West Midlands,England,Birmingham 087F,E01033562,Birmingham 087,E02001913,NHS Birmingham and Solihull,E38000258
48915770.0,way,51.5666448,-0.1393183,The Whittington Hospital,Unknown,Unknown,hospital,N19 5NF,N19,-0.139066,51.566482,Islington North,Islington North,E14001305,E14001305,Islington,E09000019,Junction,E05013707,"Islington, unparished area",E43000209,,E99999999,London,Islington,London,England,Islington 004B,E01002770,Islington 004,E02000557,NHS North Central London,E38000240
49654985.0,way,51.5542551,0.6881721,Southend University Hospital,NHS;Mid and South Essex NHS Foundation Trust,yes,hospital,SS0 0RY,SS0,0.688617,51.553838,Southend West and Leigh,Southend West and Leigh,E14001502,E14001502,Southend-on-Sea,E06000033,Prittlewell,E05002219,"Southend-on-Sea, unparished area",E43000028,,E99999999,East of England,South East Essex,East of England,England,Southend-on-Sea 004B,E01015858,Southend-on-Sea 004,E02003282,NHS Mid and South Essex,E38000168
50073696.0,way,52.4173563,-1.7747337,Solihull Hospital,Unknown,yes,hospital,B91 2JL,B91,-1.774365,52.417123,Meriden and Solihull East,Meriden and Solihull East,E14001358,E14001358,Solihull,E08000029,Silhill,E05001299,"Solihull, unparished area",E43000265,,E99999999,West Midlands,Solihull,West Midlands,England,Solihull 016B,E01010226,Solihull 016,E02002096,NHS Birmingham and Solihull,E38000258
50915758.0,way,50.3893319,-3.514009,Brixham Hospital,Unknown,Unknown,hospital,TQ5 9HW,TQ5,-3.513823,50.389444,South Devon,South Devon,E14001484,E14001484,Torbay,E06000027,St Peter's with St Mary's,E05012266,Brixham,E04001084,,E99999999,South West,Torbay,South West,England,Torbay 018D,E01015247,Torbay 018,E02003171,NHS Devon,E38000230
51815473.0,way,51.6919683,-4.1354596,Prince Philip Hospital,Unknown,yes,hospital,SA14 8QF,SA14,-4.134758,51.691895,Llanelli,Llanelli,W07000098,W07000098,Carmarthenshire,W06000010,Dafen and Felinfoel,W05001189,Llanelli Rural,W04000988,,W99999999,Hywel Dda University Health Board,Hywel Dda University Health Board,,Wales,Carmarthenshire 020B,W01000652,Carmarthenshire 020,W02000161,Hywel Dda University,W11000025
52868139.0,way,51.7428168,-2.2077218,Stroud General Hospital,Unknown,Unknown,hospital,GL5 2HY,GL5,-2.208136,51.743022,Stroud,Stroud,E14001529,E14001529,Stroud,E07000082,Stroud Trinity,E05013197,Stroud,E04013012,Gloucestershire,E10000013,South West,Gloucestershire,South West,England,Stroud 006C,E01022410,Stroud 006,E02004656,NHS Gloucestershire,E38000062
53086450.0,way,55.8828576,-4.3190979,Gartnavel Royal Hospital,Unknown,no,hospital,G12 0XH,G12,-4.319229,55.883576,Glasgow West,Glasgow West,S14000089,S14000089,Glasgow City,S12000049,Partick East/Kelvindale,S13002989,,S99999999,,S99999999,Greater Glasgow and Clyde,Glasgow City Community Health Partnership,,Scotland,Kelvinside and Jordanhill - 05,S01010412,Kelvinside and Jordanhill,S02001958,Glasgow City Community Health & Care Partnership,S03000043
53096119.0,way,51.7982923,-0.801917,Stoke Mandeville Hospital,Unknown,yes,hospital,HP21 8AL,HP21,-0.801989,51.797983,Aylesbury,Aylesbury,E14001071,E14001071,Buckinghamshire,E06000060,Aylesbury South East,E05013126,Aylesbury,E04001559,,E99999999,South Central,Buckinghamshire,South East,England,Aylesbury Vale 019D,E01017690,Aylesbury Vale 019,E02003670,"NHS Buckinghamshire, Oxfordshire and Berkshire West",E38000223
53540791.0,way,52.0540058,-1.3358443,The Horton General Hospital,NHS,yes,hospital,OX16 9FG,OX16,-1.334584,52.054051,Banbury,Banbury,E14001072,E14001072,Cherwell,E07000177,Banbury Grimsbury and Hightown,E05010922,Banbury,E04012640,Oxfordshire,E10000025,South Central,Oxfordshire,South East,England,Cherwell 007B,E01028427,Cherwell 007,E02005927,"NHS Buckinghamshire, Oxfordshire and Berkshire West",E38000136
55008042.0,way,54.7996089,-1.61147,Lanchester Road Hospital,Unknown,no,Unknown,DH1 5XZ,DH1,-1.610544,54.798922,City of Durham,City of Durham,E14001173,E14001173,County Durham,E06000047,Esh and Witton Gilbert,E05009061,Witton Gilbert,E04010717,,E99999999,North East,County Durham,North East,England,County Durham 026B,E01020680,County Durham 026,E02004310,NHS North East and North Cumbria,E38000234
55113949.0,way,51.2411709,-0.6088556,Royal Surrey County Hospital,Unknown,yes,hospital,GU2 7XX,GU2,-0.607463,51.241016,Guildford,Guildford,E14001258,E14001258,Guildford,E07000209,Westborough,E05014963,"Guildford, unparished area",E43000138,Surrey,E10000030,South East Coast,Surrey,South East,England,Guildford 012A,E01030470,Guildford 012,E02006355,NHS Surrey Heartlands,E38000264
55216072.0,way,52.4163834,-4.0717943,Ysbyty Bronglais / Bronglais Hospital,Unknown,yes,hospital,SY23 1ER,SY23,-4.071592,52.416068,Ceredigion Preseli,Ceredigion Preseli,W07000093,W07000093,Ceredigion,W06000008,Aberystwyth Morfa a Glais,W05001300,Aberystwyth,W04000359,,W99999999,Hywel Dda University Health Board,Hywel Dda University Health Board,,Wales,Ceredigion 002A,W01000512,Ceredigion 002,W02000117,Hywel Dda University,W11000025
55277874.0,way,52.1913684,-2.18154,Worcestershire Royal Hospital,Unknown,Unknown,hospital,WR5 1DD,WR5,-2.181158,52.191193,Worcester,Worcester,E14001597,E14001597,Worcester,E07000237,Leopard Hill,E05015855,"Worcester, unparished area",E43000153,Worcestershire,E10000034,West Midlands,Worcestershire,West Midlands,England,Worcester 010D,E01032309,Worcester 010,E02006743,NHS Herefordshire and Worcestershire,E38000236
55501357.0,way,54.5386082,-1.0525537,Guisborough General Hospital,Unknown,Unknown,Unknown,TS14 6HZ,TS14,-1.052162,54.538835,Middlesbrough South and East Cleveland,Middlesbrough South and East Cleveland,E14001368,E14001368,Redcar and Cleveland,E06000003,Guisborough,E05012443,Guisborough,E04000263,,E99999999,North East,Redcar and Cleveland,North East,England,Redcar and Cleveland 018C,E01012119,Redcar and Cleveland 018,E02002532,NHS North East and North Cumbria,E38000247
55684407.0,way,52.4556795,-1.9137533,The Priory Hospital,Circle Health Group,Unknown,hospital,B5 7UW,B5,-1.912456,52.45528,Birmingham Edgbaston,Birmingham Edgbaston,E14001092,E14001092,Birmingham,E08000025,Edgbaston,E05011134,"Birmingham, unparished area",E43000250,,E99999999,West Midlands,South Birmingham,West Midlands,England,Birmingham 079A,E01008982,Birmingham 079,E02001905,NHS Birmingham and Solihull,E38000258
56176912.0,way,54.1797795,-6.3508635,Daisy Hill Hospital,Southern Health and Social Care Trust,yes,hospital,BT35 8EU,BT35,-6.35222,54.179814,Newry and Armagh,Newry and Armagh,N05000011,N05000011,"Newry, Mourne and Down",N09000010,Ballybot,N08001003,,N99999999,,N99999999,Health & Social Care Board,Southern,,Northern Ireland,Daisy hill 2,95VV10S2,,N99999999,Southern,ZC030
56300048.0,way,55.9574128,-2.7972731,East Lothian Community Hospital,NHS Scotland,Unknown,hospital,EH41 3PF,EH41,-2.797763,55.95708,Lothian East,Lothian East,S14000096,S14000096,East Lothian,S12000010,Haddington and Lammermuir,S13002912,,S99999999,,S99999999,Lothian,East Lothian Community Health Partnership,,Scotland,IZ15 - 02,S01008252,IZ15,S02001548,East Lothian Community Health Partnership,S03000031
56651847.0,way,50.9446713,-2.6344255,Yeovil District Hospital,Yeovil District Hospital NHS Foundation Trust,yes,hospital,BA21 4AT,BA21,-2.634712,50.944843,Yeovil,Yeovil,E14001603,E14001603,Somerset,E06000066,Yeovil South,E05014392,Yeovil,E04008773,,E99999999,South West,Somerset,South West,England,South Somerset 014A,E01029231,South Somerset 014,E02006088,NHS Somerset,E38000150
58528318.0,way,52.6858684,-1.8155525,Samuel Johnson Community Hospital,Unknown,Unknown,hospital,WS13 6EF,WS13,-1.81547,52.685937,Lichfield,Lichfield,E14001335,E14001335,Lichfield,E07000194,Stowe,E05010670,Lichfield,E04008932,Staffordshire,E10000028,West Midlands,South Staffordshire,West Midlands,England,Lichfield 005F,E01029524,Lichfield 005,E02006150,NHS Staffordshire and Stoke-on-Trent,E38000153
58601737.0,way,52.558999,-1.8260897,Sutton Coldfield Cottage Hospital,Unknown,Unknown,hospital,B72 1QH,B72,-1.825915,52.559036,Sutton Coldfield,Sutton Coldfield,E14001535,E14001535,Birmingham,E08000025,Sutton Trinity,E05011178,Sutton Coldfield,E04012653,,E99999999,West Midlands,Birmingham East and North,West Midlands,England,Birmingham 009A,E01009449,Birmingham 009,E02001835,NHS Birmingham and Solihull,E38000258
58879366.0,way,51.6699016,-1.3020196,Abingdon Community Hospital,Unknown,no,hospital,OX14 1AG,OX14,-1.301891,51.670023,Oxford West and Abingdon,Oxford West and Abingdon,E14001420,E14001420,Vale of White Horse,E07000180,Abingdon Fitzharris,E05009757,Abingdon on Thames,E04012866,Oxfordshire,E10000025,South Central,Oxfordshire,South East,England,Vale of White Horse 006D,E01028698,Vale of White Horse 006,E02005983,"NHS Buckinghamshire, Oxfordshire and Berkshire West",E38000136
59021948.0,way,51.4818785,-3.1939881,Saint David's Hospital,Unknown,Unknown,hospital,CF11 9XB,CF11,-3.19367,51.482011,Cardiff West,Cardiff West,W07000092,W07000092,Cardiff,W06000015,Riverside,W05001293,Riverside,W04001003,,W99999999,Cardiff and Vale University Health Board,Cardiff and Vale University Health Board,,Wales,Cardiff 034D,W01001861,Cardiff 034,W02000400,Cardiff and Vale University,W11000029
59384919.0,way,52.4019041,-0.7414354,Kettering General Hospital,Kettering General Hospital NHS Foundation Trust,yes,hospital,NN16 8UZ,NN16,-0.741293,52.402783,Kettering,Kettering,E14001311,E14001311,North Northamptonshire,E06000061,Northall,E05013229,Kettering Town,E04013037,,E99999999,East Midlands,Northamptonshire Teaching,East Midlands,England,Kettering 007F,E01027117,Kettering 007,E02005645,NHS Northamptonshire,E38000262
60438115.0,way,52.0854821,-1.9472904,Evesham Community Hospital,Unknown,minor_injuries,hospital,WR11 1JY,WR11,-1.948686,52.085306,Droitwich and Evesham,Droitwich and Evesham,E14001203,E14001203,Wychavon,E07000238,Hampton,E05015456,Evesham,E04010391,Worcestershire,E10000034,West Midlands,Worcestershire,West Midlands,England,Wychavon 017B,E01032397,Wychavon 017,E02006764,NHS Herefordshire and Worcestershire,E38000236
60472568.0,way,51.5987005,-3.8013496,Neath Port Talbot Hospital,Unknown,yes,hospital,SA12 7BX,SA12,-3.80035,51.599213,Aberafan Maesteg,Aberafan Maesteg,W07000081,W07000081,Neath Port Talbot,W06000012,Aberavon,W05001679,Baglan Moors,W04001021,,W99999999,Swansea Bay University Health Board,Swansea Bay University Health Board,,Wales,Neath Port Talbot 017B,W01000885,Neath Port Talbot 017,W02000215,Swansea Bay University,W11000031
60789858.0,way,51.4151901,0.7930516,Sheppey Community Hospital,NHS England;Kent Community Health NHS Foundation Trust,no,hospital,ME12 3LT,ME12,0.793061,51.415409,Sittingbourne and Sheppey,Sittingbourne and Sheppey,E14001474,E14001474,Swale,E07000113,Sheppey Central,E05009561,Minster-on-Sea,E04005079,Kent,E10000016,South East Coast,Eastern and Coastal Kent,South East,England,Swale 004F,E01032653,Swale 004,E02005118,NHS Kent and Medway,E38000237
60911741.0,way,52.236057,-0.8838202,Northampton General Hospital,Northampton General Hospital NHS Trust,yes,hospital,NN1 5BD,NN1,-0.883829,52.236068,Northampton South,Northampton South,E14001407,E14001407,West Northamptonshire,E06000062,Delapre and Rushmere,E05013251,Northampton,E04013033,,E99999999,East Midlands,Northamptonshire Teaching,East Midlands,England,Northampton 025B,E01027224,Northampton 025,E02005674,NHS Northamptonshire,E38000262
61283253.0,way,54.0693435,-2.2922063,Castleberg Hospital,Unknown,Unknown,hospital,BD24 0BN,BD24,-2.292211,54.069558,Skipton and Ripon,Skipton and Ripon,E14001475,E14001475,North Yorkshire,E06000065,Settle & Penyghent,E05014316,Giggleswick,E04012240,,E99999999,Yorkshire and the Humber,North Yorkshire and York,Yorkshire and The Humber,England,Craven 003B,E01027571,Craven 003,E02005744,NHS West Yorkshire,E38000232
61428386.0,way,50.1804998,-5.4244169,St. Michael's Hospital,Unknown,Unknown,hospital,TR27 4JA,TR27,-5.424423,50.180352,Camborne and Redruth,Camborne and Redruth,E14001148,E14001148,Cornwall,E06000052,Hayle West,E05013293,Hayle,E04013062,,E99999999,South West,Cornwall and Isles of Scilly,South West,England,Cornwall 057D,E01018983,Cornwall 057,E02003944,NHS Cornwall and the Isles of Scilly,E38000089
62456464.0,way,51.9125048,-2.5836057,Ross on Wye Community Hospital,Unknown,no,hospital,HR9 5AD,HR9,-2.583402,51.91256,Hereford and South Herefordshire,Hereford and South Herefordshire,E14001281,E14001281,"Herefordshire, County of",E06000019,Ross East,E05009479,Ross-on-Wye,E04012406,,E99999999,West Midlands,Herefordshire,West Midlands,England,Herefordshire 022B,E01014062,Herefordshire 022,E02002926,NHS Herefordshire and Worcestershire,E38000236
63940521.0,way,52.4463416,-1.893374,Moseley Hall Hospital,Unknown,Unknown,hospital,B13 8AQ,B13,-1.892891,52.445923,Birmingham Hall Green and Moseley,Birmingham Hall Green and Moseley,E14001094,E14001094,Birmingham,E08000025,Moseley,E05011154,"Birmingham, unparished area",E43000250,,E99999999,West Midlands,South Birmingham,West Midlands,England,Birmingham 092B,E01009184,Birmingham 092,E02001918,NHS Birmingham and Solihull,E38000258
64551813.0,way,50.0917905,-5.2651715,Helston Community Hospital,Unknown,Unknown,hospital,TR13 8DR,TR13,-5.264928,50.091946,St Ives,St Ives,E14001511,E14001511,Cornwall,E06000052,Helston South & Meneage,E05013295,Helston,E04013063,,E99999999,South West,Cornwall and Isles of Scilly,South West,England,Cornwall 071E,E01018886,Cornwall 071,E02003928,NHS Cornwall and the Isles of Scilly,E38000089
64935280.0,way,53.0479436,-1.4109774,Ripley Hospital,Derbyshire Community Health Services NHS Foundation Trust,no,hospital,DE5 3NX,DE5,-1.410714,53.047505,Amber Valley,Amber Valley,E14001066,E14001066,Amber Valley,E07000032,Ripley & Marehay,E05014704,Ripley,E04002688,Derbyshire,E10000007,East Midlands,Derbyshire County,East Midlands,England,Amber Valley 006D,E01019461,Amber Valley 006,E02004034,NHS Derby and Derbyshire,E38000261
65383944.0,way,54.9715641,-1.4290073,South Tyneside District Hospital,Unknown,yes,Unknown,NE34 0PL,NE34,-1.428468,54.971208,South Shields,South Shields,E14001492,E14001492,South Tyneside,E08000023,Whiteleas,E05001152,"South Tyneside, unparished area",E43000177,,E99999999,North East,South Tyneside,North East,England,South Tyneside 011C,E01008592,South Tyneside 011,E02001778,NHS North East and North Cumbria,E38000163
66841815.0,way,52.9881546,-1.3207737,Ilkeston Community Hospital,Unknown,Unknown,hospital,DE7 8LN,DE7,-1.320818,52.988092,Erewash,Erewash,E14001228,E14001228,Erewash,E07000036,Shipley View,E05010620,"Erewash, unparished area",E43000049,Derbyshire,E10000007,East Midlands,Derbyshire County,East Midlands,England,Erewash 016A,E01019638,Erewash 016,E02006828,NHS Derby and Derbyshire,E38000261
68582655.0,way,52.4211653,-1.7620005,Spire Healthcare Parkway Hospital,Unknown,Unknown,hospital,B91 2PP,B91,-1.760763,52.421597,Meriden and Solihull East,Meriden and Solihull East,E14001358,E14001358,Solihull,E08000029,Silhill,E05001299,"Solihull, unparished area",E43000265,,E99999999,West Midlands,Solihull,West Midlands,England,Solihull 015C,E01010227,Solihull 015,E02002095,NHS Birmingham and Solihull,E38000258
70043233.0,way,53.5584106,-1.4997847,Barnsley Hospital,Unknown,Unknown,hospital,S75 2EP,S75,-1.499493,53.559132,Barnsley North,Barnsley North,E14001074,E14001074,Barnsley,E08000016,Old Town,E05000988,"Barnsley, unparished area",E43000251,,E99999999,Yorkshire and the Humber,Barnsley,Yorkshire and The Humber,England,Barnsley 012G,E01007446,Barnsley 012,E02001520,NHS South Yorkshire,E38000006
71331417.0,way,55.6026313,-2.4357014,Kelso Hospital (Inch Hosp.),Borders Primary Care NHS Trust,yes,hospital,TD5 7JT,TD5,-2.434864,55.602918,"Berwickshire, Roxburgh and Selkirk","Berwickshire, Roxburgh and Selkirk",S14000108,S14000108,Scottish Borders,S12000026,Kelso and District,S13002768,,S99999999,,S99999999,Borders,Scottish Borders Community Health and Care Partnership,,Scotland,Kelso N - Poynder Park,S01012337,Kelso North,S02002310,Scottish Borders Community Health & Care Partnership,S03000004
71633579.0,way,51.2249875,-0.8472302,Spire Cosmetic Surgery Clare Park Hospital,Spire Healthcare,Unknown,Unknown,GU10 5XX,GU10,-0.847488,51.225128,North East Hampshire,North East Hampshire,E14001392,E14001392,Hart,E07000089,Odiham,E05009360,Crondall,E04012055,Hampshire,E10000014,South Central,Hampshire,South East,England,Hart 010D,E01022856,Hart 010,E02004760,NHS Frimley,E38000252
71928451.0,way,52.4577269,-2.0767257,West Midlands Hospital Ramsay Health care,Unknown,Unknown,hospital,B63 2AH,B63,-2.076674,52.457813,Halesowen,Halesowen,E14001261,E14001261,Dudley,E08000027,Belle Vale,E05015904,"Dudley, unparished area",E43000181,,E99999999,West Midlands,Dudley,West Midlands,England,Dudley 033E,E01009863,Dudley 033,E02002032,NHS Black Country,E38000259
73529721.0,way,52.298008,-0.6831254,Isebrook Hospital,Northamptonshire Healthcare NHS Foundation Trust,Unknown,hospital,NN8 1LP,NN8,-0.683359,52.29767,Wellingborough and Rushden,Wellingborough and Rushden,E14001571,E14001571,North Northamptonshire,E06000061,Finedon,E05013221,Wellingborough,E04013138,,E99999999,East Midlands,Northamptonshire Teaching,East Midlands,England,Wellingborough 004B,E01027314,Wellingborough 004,E02005695,NHS Northamptonshire,E38000262
75523996.0,way,52.420502,-1.9611192,Royal Orthopaedic Hospital,Unknown,Unknown,hospital,B31 2AP,B31,-1.96116,52.420088,Birmingham Northfield,Birmingham Northfield,E14001097,E14001097,Birmingham,E08000025,Northfield,E05011158,"Birmingham, unparished area",E43000250,,E99999999,West Midlands,South Birmingham,West Midlands,England,Birmingham 113B,E01008954,Birmingham 113,E02001939,NHS Birmingham and Solihull,E38000258
75870778.0,way,55.9748135,-3.587277,St Michael's Hospital,Unknown,Unknown,hospital,EH49 6QS,EH49,-3.587282,55.974971,Bathgate and Linlithgow,Bathgate and Linlithgow,S14000068,S14000068,West Lothian,S12000040,Linlithgow,S13002820,,S99999999,,S99999999,Lothian,West Lothian Community Health and Care Partnership,,Scotland,Linlithgow South - 08,S01013441,Linlithgow South,S02002507,West Lothian Community Health & Care Partnership,S03000035
76494959.0,way,51.0047218,-2.2000979,Westminster Memorial Hospital,Unknown,Unknown,hospital,SP7 8BD,SP7,-2.20015,51.004721,North Dorset,North Dorset,E14001388,E14001388,Dorset,E06000059,Shaftesbury Town,E05012714,Shaftesbury,E04003434,,E99999999,South West,Dorset,South West,England,North Dorset 003A,E01020454,North Dorset 003,E02004257,NHS Dorset,E38000045
80249152.0,way,55.8488907,-4.1759115,Shettleston Day Hospital & Parkview Resource Centre,Unknown,Unknown,hospital,G32 7AX,G32,-4.17522,55.848648,Glasgow East,Glasgow East,S14000084,S14000084,Glasgow City,S12000049,Shettleston,S13002985,,S99999999,,S99999999,Greater Glasgow and Clyde,Glasgow City Community Health Partnership,,Scotland,Tollcross - 03,S01010144,Tollcross,S02001911,Glasgow City Community Health & Care Partnership,S03000043
80402499.0,way,51.5075305,-0.3453188,Ealing Hospital,Unknown,yes,hospital,UB1 3HW,UB1,-0.345495,51.507606,Ealing Southall,Ealing Southall,E14001209,E14001209,Ealing,E09000009,Norwood Green,E05013533,"Ealing, unparished area",E43000199,,E99999999,London,Ealing,London,England,Ealing 029D,E01001337,Ealing 029,E02000266,NHS North West London,E38000256
80537934.0,way,53.1507222,-1.574773,Whitworth Hospital,Unknown,Unknown,hospital,DE4 2JD,DE4,-1.575216,53.150924,Derbyshire Dales,Derbyshire Dales,E14001195,E14001195,Derbyshire Dales,E07000035,Darley Dale,E05014598,Darley Dale,E04002744,Derbyshire,E10000007,East Midlands,Derbyshire County,East Midlands,England,Derbyshire Dales 005A,E01019609,Derbyshire Dales 005,E02004072,NHS Derby and Derbyshire,E38000261
80888181.0,way,51.522486,-0.1529101,The Princess Grace Hospital,HCA,Unknown,hospital,W1U 5NY,W1U,-0.152928,51.522365,Cities of London and Westminster,Cities of London and Westminster,E14001172,E14001172,Westminster,E09000033,Marylebone,E05013801,"Westminster, unparished area",E43000236,,E99999999,London,Westminster,London,England,Westminster 011D,E01004717,Westminster 011,E02000970,NHS North West London,E38000256
80888190.0,way,51.5209342,-0.1504175,King Edward VII's Hospital,Unknown,Unknown,hospital,W1G 6AA,W1G,-0.150325,51.520778,Cities of London and Westminster,Cities of London and Westminster,E14001172,E14001172,Westminster,E09000033,Marylebone,E05013801,"Westminster, unparished area",E43000236,,E99999999,London,Westminster,London,England,Westminster 011A,E01004713,Westminster 011,E02000970,NHS North West London,E38000256
80888195.0,way,51.5230212,-0.1443613,The Portland Hospital,Unknown,no,hospital,W1W 5AH,W1W,-0.14435,51.523185,Cities of London and Westminster,Cities of London and Westminster,E14001172,E14001172,Westminster,E09000033,West End,E05013808,"Westminster, unparished area",E43000236,,E99999999,London,Westminster,London,England,Westminster 011C,E01004716,Westminster 011,E02000970,NHS North West London,E38000256
80989830.0,way,52.456537,-1.9105584,The Priory Hospital,Unknown,Unknown,hospital,B5 7UG,B5,-1.911423,52.456429,Birmingham Edgbaston,Birmingham Edgbaston,E14001092,E14001092,Birmingham,E08000025,Edgbaston,E05011134,"Birmingham, unparished area",E43000250,,E99999999,West Midlands,South Birmingham,West Midlands,England,Birmingham 079A,E01008982,Birmingham 079,E02001905,NHS Birmingham and Solihull,E38000258
81290015.0,way,53.7049662,-1.8572295,Calderdale Royal Hospital,Unknown,yes,Unknown,HX3 0NH,HX3,-1.857509,53.704821,Halifax,Halifax,E14001262,E14001262,Calderdale,E08000033,Skircoat,E05001383,"Calderdale, unparished area",E43000293,,E99999999,Yorkshire and the Humber,Calderdale,Yorkshire and The Humber,England,Calderdale 021C,E01010972,Calderdale 021,E02002264,NHS West Yorkshire,E38000025
82284246.0,way,51.2874678,-0.8485261,Fleet Community Hospital,Unknown,Unknown,Unknown,GU51 4LZ,GU51,-0.84868,51.287555,North East Hampshire,North East Hampshire,E14001392,E14001392,Hart,E07000089,Fleet West,E05009357,Fleet,E04012060,Hampshire,E10000014,South Central,Hampshire,South East,England,Hart 008D,E01022873,Hart 008,E02004758,NHS Frimley,E38000252
84302017.0,way,51.7123462,-1.9759847,Cirencester Hospital,Unknown,Unknown,hospital,GL7 1UY,GL7,-1.975463,51.712383,South Cotswolds,South Cotswolds,E14001482,E14001482,Cotswold,E07000079,Four Acres,E05010707,Cirencester,E04013303,Gloucestershire,E10000013,South West,Gloucestershire,South West,England,Cotswold 007A,E01022194,Cotswold 007,E02004621,NHS Gloucestershire,E38000062
85472872.0,way,51.4891664,-0.170971,Royal Brompton Hospital,Guy's and St Thomas' NHS Foundation Trust,no,hospital,SW3 6NP,SW3,-0.170855,51.489743,Chelsea and Fulham,Chelsea and Fulham,E14001160,E14001160,Kensington and Chelsea,E09000020,Stanley,E05009405,"Kensington and Chelsea, unparished area",E43000210,,E99999999,London,Kensington and Chelsea,London,England,Kensington and Chelsea 019E,E01002914,Kensington and Chelsea 019,E02000595,NHS North West London,E38000256
85472885.0,way,51.4905731,-0.1725464,The Royal Marsden Hospital,Unknown,Unknown,hospital,SW3 6JJ,SW3,-0.172565,51.490561,Chelsea and Fulham,Chelsea and Fulham,E14001160,E14001160,Kensington and Chelsea,E09000020,Stanley,E05009405,"Kensington and Chelsea, unparished area",E43000210,,E99999999,London,Kensington and Chelsea,London,England,Kensington and Chelsea 019E,E01002914,Kensington and Chelsea 019,E02000595,NHS North West London,E38000256
86595210.0,way,53.0183409,-1.4859676,Babington Hospital,Unknown,no,hospital,DE56 1WH,DE56,-1.485875,53.018963,Mid Derbyshire,Mid Derbyshire,E14001362,E14001362,Amber Valley,E07000032,Belper South,E05014694,Belper,E04002667,Derbyshire,E10000007,East Midlands,Derbyshire County,East Midlands,England,Amber Valley 010C,E01019417,Amber Valley 010,E02004038,NHS Derby and Derbyshire,E38000261
87166982.0,way,55.8923647,-3.5225829,Saint John's Hospital,NHS Lothian,yes,hospital,EH54 6TP,EH54,-3.522838,55.892808,Livingston,Livingston,S14000095,S14000095,West Lothian,S12000040,Livingston South,S13002823,,S99999999,,S99999999,Lothian,West Lothian Community Health and Care Partnership,,Scotland,Howden - 01,S01013309,Howden,S02002488,West Lothian Community Health & Care Partnership,S03000035
87244352.0,way,55.9767142,-4.0700107,Victoria Memorial Cottage Hospital,Unknown,no,hospital,G65 9AG,G65,-4.069878,55.976796,Cumbernauld and Kirkintilloch,Cumbernauld and Kirkintilloch,S14000072,S14000072,North Lanarkshire,S12000050,Kilsyth,S13003042,,S99999999,,S99999999,Lanarkshire,North Lanarkshire Community Health Partnership,,Scotland,Kilsyth Bogside - 04,S01011797,Kilsyth Bogside,S02002211,North Lanarkshire Community Health Partnership,S03000029
89131150.0,way,52.4809166,-2.052547,Rowley Regis Hospital,Unknown,Unknown,hospital,B65 8DA,B65,-2.053798,52.481251,Smethwick,Smethwick,E14001478,E14001478,Sandwell,E08000028,Blackheath,E05001261,"Sandwell, unparished area",E43000182,,E99999999,West Midlands,Sandwell,West Midlands,England,Sandwell 033C,E01009931,Sandwell 033,E02002075,NHS Black Country,E38000259
90501152.0,way,51.238099,-2.3114668,Frome Community Hospital,Unknown,Unknown,hospital,BA11 2FH,BA11,-2.311568,51.237318,Frome and East Somerset,Frome and East Somerset,E14001241,E14001241,Somerset,E06000066,Frome North,E05014361,Frome,E04008560,,E99999999,South West,Somerset,South West,England,Mendip 003E,E01029034,Mendip 003,E02006049,NHS Somerset,E38000150
90834650.0,way,55.6922559,-3.9916281,Stonehouse Hospital,Unknown,no,hospital,ML9 3NT,ML9,-3.991666,55.692281,East Kilbride and Strathaven,East Kilbride and Strathaven,S14000077,S14000077,South Lanarkshire,S12000029,Avondale and Stonehouse,S13003099,,S99999999,,S99999999,Lanarkshire,South Lanarkshire Community Health Partnership,,Scotland,Stonehouse - 03,S01012678,Stonehouse,S02002376,South Lanarkshire Community Health Partnership,S03000030
91015028.0,way,55.7557658,-6.2793436,Islay Hospital,Unknown,Unknown,hospital,PA43 7JD,PA43,-6.279235,55.755788,"Argyll, Bute and South Lochaber","Argyll, Bute and South Lochaber",S14000067,S14000067,Argyll and Bute,S12000035,Kintyre and the Islands,S13002517,,S99999999,,S99999999,Highland,Argyll and Bute Community Health Partnership,,Scotland,Whisky Isles - 04,S01007327,Whisky Isles,S02001378,Argyll & Bute Community Health Partnership,S03000025
91240875.0,way,55.670075,-3.7599057,Lockhart Hospital,Unknown,Unknown,hospital,ML11 9BD,ML11,-3.760474,55.669378,Hamilton and Clyde Valley,Hamilton and Clyde Valley,S14000092,S14000092,South Lanarkshire,S12000029,Clydesdale North,S13003096,,S99999999,,S99999999,Lanarkshire,South Lanarkshire Community Health Partnership,,Scotland,Lanark South - 02,S01012628,Lanark South,S02002366,South Lanarkshire Community Health Partnership,S03000030
93446752.0,way,52.7661696,-0.8763311,St Mary's Hospital,Unknown,no,hospital,LE13 1SJ,LE13,-0.877296,52.765938,Melton and Syston,Melton and Syston,E14001357,E14001357,Melton,E07000133,Melton Newport,E05005504,"Melton, unparished area",E43000106,Leicestershire,E10000018,East Midlands,Leicestershire County and Rutland,East Midlands,England,Melton 002C,E01025903,Melton 002,E02005392,"NHS Leicester, Leicestershire and Rutland",E38000051
94529272.0,way,55.7725339,-2.3411301,Knoll Community Hospital,Unknown,no,hospital,TD11 3EL,TD11,-2.341409,55.772604,"Berwickshire, Roxburgh and Selkirk","Berwickshire, Roxburgh and Selkirk",S14000108,S14000108,Scottish Borders,S12000026,Mid Berwickshire,S13002766,,S99999999,,S99999999,Borders,Scottish Borders Community Health and Care Partnership,,Scotland,Duns - South,S01012305,Duns,S02002304,Scottish Borders Community Health & Care Partnership,S03000004
95360655.0,way,54.6065915,-3.1398199,Mary Hewetson Cottage Hospital,Unknown,Unknown,hospital,CA12 5PH,CA12,-3.139824,54.6067,Penrith and Solway,Penrith and Solway,E14001424,E14001424,Cumberland,E06000063,Keswick,E05014198,Keswick,E04012984,,E99999999,North West,Cumbria Teaching,North West,England,Allerdale 012C,E01019104,Allerdale 012,E02003976,NHS North East and North Cumbria,E38000215
96566986.0,way,55.9958501,-2.5373587,Belhaven Hospital,Unknown,Unknown,hospital,EH42 1TR,EH42,-2.537682,55.995861,Lothian East,Lothian East,S14000096,S14000096,East Lothian,S12000010,Dunbar and East Linton,S13002913,,S99999999,,S99999999,Lothian,East Lothian Community Health Partnership,,Scotland,IZ21 - 03,S01008286,IZ21,S02001554,East Lothian Community Health Partnership,S03000031
96987620.0,way,50.8199083,-0.1174453,The Royal Alex Children's Hospital,Brighton and Sussex University Hospitals NHS Trust,Unknown,hospital,BN2 5BE,BN2,-0.118177,50.819468,Brighton Kemptown and Peacehaven,Brighton Kemptown and Peacehaven,E14001129,E14001129,Brighton and Hove,E06000043,Whitehawk & Marina,E05015418,"Brighton and Hove, unparished area",E43000034,,E99999999,South East Coast,Brighton and Hove City,South East,England,Brighton and Hove 031B,E01016862,Brighton and Hove 031,E02003521,NHS Sussex,E38000021
96989422.0,way,50.8194117,-0.1176977,Royal Sussex County Hospital,Brighton and Sussex University Hospitals NHS Trust,yes,hospital,BN2 5BE,BN2,-0.118177,50.819468,Brighton Kemptown and Peacehaven,Brighton Kemptown and Peacehaven,E14001129,E14001129,Brighton and Hove,E06000043,Whitehawk & Marina,E05015418,"Brighton and Hove, unparished area",E43000034,,E99999999,South East Coast,Brighton and Hove City,South East,England,Brighton and Hove 031B,E01016862,Brighton and Hove 031,E02003521,NHS Sussex,E38000021
97556498.0,way,50.8587624,-1.4028949,Hythe Hospital,Unknown,yes,hospital,SO45 4ZD,SO45,-1.402556,50.858768,New Forest East,New Forest East,E14001373,E14001373,New Forest,E07000091,Hythe Central,E05014782,Hythe and Dibden,E04004573,Hampshire,E10000014,South Central,Hampshire,South East,England,New Forest 009D,E01023039,New Forest 009,E02004787,NHS Hampshire and Isle of Wight,E38000253
97948291.0,way,55.062271,-3.6025804,Nithbank Hospital,Unknown,no,hospital,DG1 2SA,DG1,-3.602708,55.062438,Dumfries and Galloway,Dumfries and Galloway,S14000073,S14000073,Dumfries and Galloway,S12000006,Nith,S13002888,,S99999999,,S99999999,Dumfries and Galloway,Dumfries and Galloway Community Health Partnership,,Scotland,Kingholm - 04,S01007600,Kingholm,S02001427,Dumfries & Galloway Community Health Partnership,S03000005
97953397.0,way,51.6263178,-0.7544882,Wycombe General Hospital,Unknown,no,hospital,HP11 2TR,HP11,-0.755023,51.626039,Wycombe,Wycombe,E14001600,E14001600,Buckinghamshire,E06000060,Abbey,E05013120,"Buckinghamshire, unparished area",E43000275,,E99999999,South Central,Buckinghamshire,South East,England,Wycombe 015B,E01017837,Wycombe 015,E02003710,"NHS Buckinghamshire, Oxfordshire and Berkshire West",E38000223
98169245.0,way,51.7448703,-0.9696827,Thame Community Hospital,Unknown,no,hospital,OX9 3JT,OX9,-0.970008,51.745314,Henley and Thame,Henley and Thame,E14001280,E14001280,South Oxfordshire,E07000179,Thame,E05009749,Thame,E04008171,Oxfordshire,E10000025,South Central,Buckinghamshire,South East,England,South Oxfordshire 001A,E01028666,South Oxfordshire 001,E02005958,"NHS Buckinghamshire, Oxfordshire and Berkshire West",E38000136
99028054.0,way,51.7300704,0.6715161,St Peter's Hospital,Unknown,no,hospital,CM9 6EG,CM9,0.671966,51.730005,Maldon,Maldon,E14001351,E14001351,Maldon,E07000074,Maldon North,E05004197,Maldon,E04004056,Essex,E10000012,East of England,Mid Essex,East of England,England,Maldon 004C,E01021891,Maldon 004,E02004558,NHS Mid and South Essex,E38000106
99195047.0,way,51.6797609,-3.7654464,Tonna Hospital,Unknown,Unknown,Unknown,SA11 3LX,SA11,-3.765469,51.680044,Neath and Swansea East,Neath and Swansea East,W07000103,W07000103,Neath Port Talbot,W06000012,Resolven and Tonna,W05001708,Tonna,W04000628,,W99999999,Swansea Bay University Health Board,Swansea Bay University Health Board,,Wales,Neath Port Talbot 005D,W01000970,Neath Port Talbot 005,W02000203,Swansea Bay University,W11000031
99327280.0,way,57.6876306,-2.0194661,Fraserburgh Hospital,Unknown,Unknown,hospital,AB43 9NF,AB43,-2.019576,57.687629,Aberdeenshire North and Moray East,Aberdeenshire North and Moray East,S14000062,S14000062,Aberdeenshire,S12000034,Fraserburgh and District,S13002850,,S99999999,,S99999999,Grampian,Aberdeenshire Community Health Partnership,,Scotland,Fraserburgh Central-Academy - 03,S01007123,Fraserburgh Central-Academy,S02001342,Aberdeenshire Community Health Partnership,S03000013
99491276.0,way,50.7952157,-3.1869983,Honiton Community Hospital,Unknown,Unknown,hospital,EX14 2DE,EX14,-3.186577,50.794926,Honiton and Sidmouth,Honiton and Sidmouth,E14001291,E14001291,East Devon,E07000040,Honiton St Paul's,E05011798,Honiton,E04002967,Devon,E10000008,South West,Devon,South West,England,East Devon 002D,E01019934,East Devon 002,E02004130,NHS Devon,E38000230
99714921.0,way,54.5649191,-0.9365139,East Cleveland Hospital,Unknown,Unknown,Unknown,TS12 2FF,TS12,-0.936357,54.565266,Middlesbrough South and East Cleveland,Middlesbrough South and East Cleveland,E14001368,E14001368,Redcar and Cleveland,E06000003,Brotton,E05012438,Skelton and Brotton,E04000267,,E99999999,North East,Redcar and Cleveland,North East,England,Redcar and Cleveland 010C,E01012098,Redcar and Cleveland 010,E02002524,NHS North East and North Cumbria,E38000247
99800288.0,way,51.4139491,-3.2848958,Barry Hospital,Unknown,Unknown,hospital,CF62 8YH,CF62,-3.285017,51.41383,Vale of Glamorgan,Vale of Glamorgan,W07000110,W07000110,Vale of Glamorgan,W06000014,Dyfan,W05001387,Barry,W04000650,,W99999999,Cardiff and Vale University Health Board,Cardiff and Vale University Health Board,,Wales,The Vale of Glamorgan 007B,W01001092,The Vale of Glamorgan 007,W02000243,Cardiff and Vale University,W11000029
100221323.0,way,51.6928458,-4.9564043,South Pembrokeshire Hospital,Unknown,Unknown,hospital,SA72 6SY,SA72,-4.956633,51.693076,Mid and South Pembrokeshire,Mid and South Pembrokeshire,W07000100,W07000100,Pembrokeshire,W06000009,Pembroke Dock: Market,W05001476,Pembroke Dock,W04000460,,W99999999,Hywel Dda University Health Board,Hywel Dda University Health Board,,Wales,Pembrokeshire 013D,W01000603,Pembrokeshire 013,W02000138,Hywel Dda University,W11000025
100545595.0,way,52.0023995,-0.9856706,Buckingham Community Hospital,Unknown,Unknown,hospital,MK18 1NQ,MK18,-0.986214,52.001911,Buckingham and Bletchley,Buckingham and Bletchley,E14001141,E14001141,Buckinghamshire,E06000060,Buckingham East,E05013132,Buckingham,E04001465,,E99999999,South Central,Buckinghamshire,South East,England,Aylesbury Vale 002C,E01017646,Aylesbury Vale 002,E02003653,"NHS Buckinghamshire, Oxfordshire and Berkshire West",E38000223
100661415.0,way,52.2689205,-1.5404145,Royal Leamington Spa Rehabilitation Hospital,Unknown,Unknown,hospital,CV34 6SR,CV34,-1.540406,52.268556,Warwick and Leamington,Warwick and Leamington,E14001566,E14001566,Warwick,E07000222,Warwick Myton & Heathcote,E05012629,Warwick,E04012708,Warwickshire,E10000031,West Midlands,Warwickshire,West Midlands,England,Warwick 012A,E01031315,Warwick 012,E02006530,NHS Coventry and Warwickshire,E38000251
101804328.0,way,52.6343714,1.262908,Norwich Community Hospital,Norfolk Primary Care Trust,no,hospital,NR2 3TU,NR2,1.262489,52.633947,Norwich South,Norwich South,E14001409,E14001409,Norwich,E07000148,Nelson,E05012908,"Norwich, unparished area",E43000115,Norfolk,E10000020,East of England,Norfolk,East of England,England,Norwich 006A,E01026863,Norwich 006,E02005589,NHS Norfolk and Waveney,E38000239
101906725.0,way,51.6584521,-4.0112119,Tŷ Garngoch Hospital,Swansea Bay University Health Board,no,hospital,SA4 4LH,SA4,-4.011108,51.658702,Gower,Gower,W07000097,W07000097,Swansea,W06000011,Llwchwr,W05001053,Llwchwr,W04000970,,W99999999,Swansea Bay University Health Board,Swansea Bay University Health Board,,Wales,Swansea 007C,W01000786,Swansea 007,W02000174,Swansea Bay University,W11000031
104258820.0,way,57.9726011,-3.9875423,Lawson Memorial Hospital,Unknown,Unknown,hospital,KW10 6SS,KW10,-3.987671,57.972983,"Caithness, Sutherland and Easter Ross","Caithness, Sutherland and Easter Ross",S14000069,S14000069,Highland,S12000017,East Sutherland and Edderton,S13002993,,S99999999,,S99999999,Highland,Highland Health and Social Care Partnership,,Scotland,Sutherland East - 01,S01010766,Sutherland East,S02002025,Highland Health and Social Care Partnership,S03000044
104324515.0,way,51.5482968,-3.3922908,Royal Glamorgan Hospital,Cwm Taf Morgannwg University Health Board,yes,hospital,CF72 8XR,CF72,-3.391231,51.547885,Pontypridd,Pontypridd,W07000106,W07000106,Rhondda Cynon Taf,W06000016,Llantrisant and Talbot Green,W05001089,Llantrisant,W04001014,,W99999999,Cwm Taf Morgannwg University Health Board,Cwm Taf Morgannwg University Health Board,,Wales,Rhondda Cynon Taf 030D,W01001242,Rhondda Cynon Taf 030,W02000281,Cwm Taf Morgannwg University,W11000030
104496299.0,way,56.4002288,-5.4748664,Lorn and Islands Hospital,Unknown,yes,hospital,PA34 4HH,PA34,-5.474939,56.400418,"Argyll, Bute and South Lochaber","Argyll, Bute and South Lochaber",S14000067,S14000067,Argyll and Bute,S12000035,Oban South and the Isles,S13002519,,S99999999,,S99999999,Highland,Argyll and Bute Community Health Partnership,,Scotland,Oban South - 03,S01007291,Oban South,S02001371,Argyll & Bute Community Health Partnership,S03000025
105588652.0,way,55.0748359,-1.5688766,Northumbria Specialist Emergency Care Hospital,Unknown,yes,hospital,NE23 6NZ,NE23,-1.569492,55.074089,Cramlington and Killingworth,Cramlington and Killingworth,E14001183,E14001183,Northumberland,E06000057,Cramlington East,E05009111,Cramlington,E04012006,,E99999999,North East,Northumberland,North East,England,Northumberland 031A,E01027394,Northumberland 031,E02005718,NHS North East and North Cumbria,E38000130
106671141.0,way,52.4574572,-1.9331801,The Edgbaston Hospital,Unknown,no,hospital,B15 2QQ,B15,-1.932892,52.457585,Birmingham Edgbaston,Birmingham Edgbaston,E14001092,E14001092,Birmingham,E08000025,Edgbaston,E05011134,"Birmingham, unparished area",E43000250,,E99999999,West Midlands,South Birmingham,West Midlands,England,Birmingham 079F,E01033631,Birmingham 079,E02001905,NHS Birmingham and Solihull,E38000258
107224982.0,way,51.6908946,-3.0263707,County Hospital,Aneurin Bevan University Health Board,yes,hospital,NP4 5YA,NP4,-3.026084,51.690525,Torfaen,Torfaen,W07000109,W07000109,Torfaen,W06000020,Panteg,W05001371,Panteg,W04000768,,W99999999,Aneurin Bevan University Health Board,Aneurin Bevan University Health Board,,Wales,Torfaen 006B,W01001515,Torfaen 006,W02000328,Aneurin Bevan University,W11000028
107419726.0,way,55.6517815,-3.1985016,Hay Lodge Hospital,Unknown,Unknown,hospital,EH45 8JG,EH45,-3.197832,55.651475,"Dumfriesshire, Clydesdale and Tweeddale","Dumfriesshire, Clydesdale and Tweeddale",S14000074,S14000074,Scottish Borders,S12000026,Tweeddale West,S13002761,,S99999999,,S99999999,Borders,Scottish Borders Community Health and Care Partnership,,Scotland,Peebles - N - Cuddyside,S01012253,Peebles North,S02002293,Scottish Borders Community Health & Care Partnership,S03000004
107703035.0,way,52.8934038,-1.5302976,Nuffield Health Derby Hospital,Nuffield Health,Unknown,hospital,DE23 4SN,DE23,-1.53017,52.893547,Derby North,Derby North,E14001193,E14001193,Derby,E06000015,Littleover,E05015518,"Derby, unparished area",E43000014,,E99999999,East Midlands,Derby City,East Midlands,England,Derby 021B,E01013541,Derby 021,E02002816,NHS Derby and Derbyshire,E38000261
107826224.0,way,50.8479576,-0.7799525,Nuffield Health Chichester Hospital,Nuffield Health,Unknown,hospital,PO19 6WB,PO19,-0.780027,50.847978,Chichester,Chichester,E14001166,E14001166,Chichester,E07000225,Chichester North,E05011668,Chichester,E04009888,West Sussex,E10000032,South East Coast,West Sussex,South East,England,Chichester 006B,E01031485,Chichester 006,E02006566,NHS Sussex,E38000265
107943679.0,way,52.2511145,0.3999481,Newmarket Hospital (no A&E),Unknown,no,hospital,CB8 7JG,CB8,0.399994,52.250892,West Suffolk,West Suffolk,E14001578,E14001578,West Suffolk,E07000245,Newmarket North,E05012792,Newmarket,E04012768,Suffolk,E10000029,East of England,Suffolk,East of England,England,Forest Heath 006C,E01029954,Forest Heath 006,E02006243,NHS Suffolk and North East Essex,E38000204
107947239.0,way,51.9337687,1.2608166,Fryatt Hospital,Unknown,no,hospital,CO12 4EX,CO12,1.260654,51.933436,Harwich and North Essex,Harwich and North Essex,E14001273,E14001273,Tendring,E07000076,Dovercourt All Saints,E05011939,Harwich,E04004099,Essex,E10000012,East of England,North East Essex,East of England,England,Tendring 002C,E01022006,Tendring 002,E02004574,NHS Suffolk and North East Essex,E38000117
108483472.0,way,51.6023837,-3.326093,Pontypridd and District Hospital,Unknown,Unknown,hospital,CF37 4AL,CF37,-3.325908,51.602224,Pontypridd,Pontypridd,W07000106,W07000106,Rhondda Cynon Taf,W06000016,Trallwng,W05001108,Pontypridd Town,W04001039,,W99999999,Cwm Taf Morgannwg University Health Board,Cwm Taf Morgannwg University Health Board,,Wales,Rhondda Cynon Taf 019D,W01001257,Rhondda Cynon Taf 019,W02000270,Cwm Taf Morgannwg University,W11000030
110476079.0,way,51.5182542,-0.1493761,The London Welbeck Hospital,Unknown,Unknown,hospital,W1G 8EN,W1G,-0.149462,51.518237,Cities of London and Westminster,Cities of London and Westminster,E14001172,E14001172,Westminster,E09000033,Marylebone,E05013801,"Westminster, unparished area",E43000236,,E99999999,London,Westminster,London,England,Westminster 011B,E01004714,Westminster 011,E02000970,NHS North West London,E38000256
111343934.0,way,51.4864231,-0.150183,Lister Hospital,Unknown,Unknown,hospital,SW1W 8RH,SW1W,-0.150502,51.486519,Cities of London and Westminster,Cities of London and Westminster,E14001172,E14001172,Westminster,E09000033,Knightsbridge & Belgravia,E05013797,"Westminster, unparished area",E43000236,,E99999999,London,Westminster,London,England,Westminster 023F,E01033597,Westminster 023,E02000982,NHS North West London,E38000256
111539876.0,way,51.3114452,-2.4166453,Sulis Hospital,Unknown,Unknown,hospital,BA2 8SQ,BA2,-2.416516,51.311327,Frome and East Somerset,Frome and East Somerset,E14001241,E14001241,Bath and North East Somerset,E06000022,Peasedown,E05012482,Peasedown St. John,E04000984,,E99999999,South West,Bath and North East Somerset,South West,England,Bath and North East Somerset 022D,E01014444,Bath and North East Somerset 022,E02003006,"NHS Bath and North East Somerset, Swindon and Wiltshire",E38000231
115377554.0,way,53.8224209,-1.5302961,Chapel Allerton Hospital,The Leeds Teaching Hospitals NHS Trust,Unknown,hospital,LS7 4SA,LS7,-1.52981,53.822636,Leeds North East,Leeds North East,E14001321,E14001321,Leeds,E08000035,Chapel Allerton,E05011390,"Leeds, unparished area",E43000294,,E99999999,Yorkshire and the Humber,Leeds,Yorkshire and The Humber,England,Leeds 042A,E01011356,Leeds 042,E02002371,NHS West Yorkshire,E38000225
115399880.0,way,53.3713673,-0.0091146,County Hospital Louth,United Lincolnshire Hospitals NHS Trust,Unknown,Unknown,LN11 0EU,LN11,-0.008582,53.37101,Louth and Horncastle,Louth and Horncastle,E14001343,E14001343,East Lindsey,E07000137,North Holme,E05009890,Louth,E04005681,Lincolnshire,E10000019,East Midlands,Lincolnshire Teaching,East Midlands,England,East Lindsey 003B,E01026078,East Lindsey 003,E02005426,NHS Lincolnshire,E38000238
116134277.0,way,51.473523,-0.6140584,King Edward VII Hospital,Unknown,no,hospital,SL4 3DP,SL4,-0.614707,51.473543,Windsor,Windsor,E14001588,E14001588,Windsor and Maidenhead,E06000040,Old Windsor,E05012507,"Windsor and Maidenhead, unparished area",E43000259,,E99999999,South Central,Berkshire East,South East,England,Windsor and Maidenhead 015C,E01016596,Windsor and Maidenhead 015,E02003435,NHS Frimley,E38000252
116586373.0,way,57.5150173,-1.7943536,Ugie Hospital,Unknown,no,hospital,AB42 1LZ,AB42,-1.793687,57.514705,Aberdeenshire North and Moray East,Aberdeenshire North and Moray East,S14000062,S14000062,Aberdeenshire,S12000034,Peterhead North and Rattray,S13002852,,S99999999,,S99999999,Grampian,Aberdeenshire Community Health Partnership,,Scotland,Peterhead Ugieside - 06,S01007094,Peterhead Ugieside,S02001337,Aberdeenshire Community Health Partnership,S03000013
116629214.0,way,51.4983235,-0.1183943,Evelina London Children's Hospital,Guy's & St Thomas' NHS Foundation Trust,yes,hospital,SE1 7EH,SE1,-0.118905,51.497959,Vauxhall and Camberwell Green,Vauxhall and Camberwell Green,E14001559,E14001559,Lambeth,E09000022,Waterloo & South Bank,E05014118,"Lambeth, unparished area",E43000212,,E99999999,London,Lambeth,London,England,Lambeth 036A,E01003013,Lambeth 036,E02006801,NHS South East London,E38000244
116934463.0,way,51.8239518,-3.0339902,Nevill Hall Hospital,NHS,yes,hospital,NP7 7EG,NP7,-3.034151,51.824716,Monmouthshire,Monmouthshire,W07000101,W07000101,Monmouthshire,W06000021,Grofield,W05001775,Abergavenny,W04001057,,W99999999,Aneurin Bevan University Health Board,Aneurin Bevan University Health Board,,Wales,Monmouthshire 001C,W01001557,Monmouthshire 001,W02000336,Aneurin Bevan University,W11000028
117557911.0,way,57.57817,-3.8732972,Nairn Town and County Hospital,NHS Highland,yes,hospital,IV12 5EE,IV12,-3.87256,57.578125,"Moray West, Nairn and Strathspey","Moray West, Nairn and Strathspey",S14000098,S14000098,Highland,S12000017,Nairn and Cawdor,S13003007,,S99999999,,S99999999,Highland,Highland Health and Social Care Partnership,,Scotland,Nairn East - 03,S01010556,Nairn East,S02001986,Highland Health and Social Care Partnership,S03000044
117937207.0,way,52.1140501,-2.0777342,Pershore Hospital,Unknown,Unknown,hospital,WR10 1PS,WR10,-2.077775,52.114052,West Worcestershire,West Worcestershire,E14001579,E14001579,Wychavon,E07000238,Pershore,E05015463,Pershore,E04010425,Worcestershire,E10000034,West Midlands,Worcestershire,West Midlands,England,Wychavon 012E,E01032409,Wychavon 012,E02006759,NHS Herefordshire and Worcestershire,E38000236
118484618.0,way,57.2768052,-2.3793159,Inverurie Hospital,Unknown,no,hospital,AB51 3UL,AB51,-2.379636,57.276567,Gordon and Buchan,Gordon and Buchan,S14000091,S14000091,Aberdeenshire,S12000034,Inverurie and District,S13002858,,S99999999,,S99999999,Grampian,Aberdeenshire Community Health Partnership,,Scotland,Inverurie South - 04,S01006905,Inverurie South,S02001304,Aberdeenshire Community Health Partnership,S03000013
118521679.0,way,50.4109287,-5.0739946,Newquay Hospital,Cornwall Partnership NHS Foundation Trust,Unknown,hospital,TR7 1RQ,TR7,-5.07421,50.411057,St Austell and Newquay,St Austell and Newquay,E14001508,E14001508,Cornwall,E06000052,Newquay Central & Pentire,E05013314,Newquay,E04013070,,E99999999,South West,Cornwall and Isles of Scilly,South West,England,Cornwall 021C,E01019020,Cornwall 021,E02003955,NHS Cornwall and the Isles of Scilly,E38000089
118591368.0,way,55.127976,-3.4538507,Lochmaben Hospital,NHS Dumfries and Galloway,no,hospital,DG11 1RQ,DG11,-3.453233,55.127749,"Dumfriesshire, Clydesdale and Tweeddale","Dumfriesshire, Clydesdale and Tweeddale",S14000074,S14000074,Dumfries and Galloway,S12000006,Annandale North,S13002890,,S99999999,,S99999999,Dumfries and Galloway,Dumfries and Galloway Community Health Partnership,,Scotland,Lochmaben - 02,S01007632,Lochmaben,S02001435,Dumfries & Galloway Community Health Partnership,S03000005
118690346.0,way,50.7317716,-1.8330574,Kings Park Hospital,Unknown,no,Unknown,BH7 6JF,BH7,-1.833361,50.731593,Bournemouth East,Bournemouth East,E14001115,E14001115,"Bournemouth, Christchurch and Poole",E06000058,Littledown & Iford,E05012666,"Bournemouth, Christchurch and Poole, unparished area",E43000261,,E99999999,South West,Bournemouth and Poole Teaching,South West,England,Bournemouth 011A,E01015314,Bournemouth 011,E02003182,NHS Dorset,E38000045
119050018.0,way,54.9391809,-3.9249525,Castle Douglas Hospital,NHS Dumfries and Galloway,no,hospital,DG7 1EE,DG7,-3.925913,54.939569,Dumfries and Galloway,Dumfries and Galloway,S14000073,S14000073,Dumfries and Galloway,S12000006,Castle Douglas and Crocketford,S13002883,,S99999999,,S99999999,Dumfries and Galloway,Dumfries and Galloway Community Health Partnership,,Scotland,Castle Douglas - 03,S01007536,Castle Douglas,S02001415,Dumfries & Galloway Community Health Partnership,S03000005
119335655.0,way,55.9062986,-4.4258804,Golden Jubilee National Hospital,NHS Scotland,Unknown,hospital,G81 4HX,G81,-4.426087,55.906529,West Dunbartonshire,West Dunbartonshire,S14000106,S14000106,West Dunbartonshire,S12000039,Clydebank Waterfront,S13003127,,S99999999,,S99999999,Greater Glasgow and Clyde,West Dunbartonshire Community Health and Care Partnership,,Scotland,IZ02 - 06,S01013133,IZ02,S02002461,West Dunbartonshire Community Health Partnership,S03000023
119564405.0,way,51.0114811,-3.1210308,Musgrove Park Hospital,Somerset NHS Foundation Trust,yes,hospital,TA1 5DA,TA1,-3.121702,51.011569,Taunton and Wellington,Taunton and Wellington,E14001540,E14001540,Somerset,E06000066,Bishop's Hull & Taunton West,E05014339,Taunton,E04013217,,E99999999,South West,Somerset,South West,England,Taunton Deane 011D,E01029302,Taunton Deane 011,E02006109,NHS Somerset,E38000150
120289804.0,way,50.9305601,-1.4324256,Spire Southampton Hospital,Unknown,no,hospital,SO16 6UY,SO16,-1.432728,50.930607,Southampton Test,Southampton Test,E14001500,E14001500,Southampton,E06000045,Shirley,E05015502,"Southampton, unparished area",E43000036,,E99999999,South Central,Southampton City,South East,England,Southampton 010C,E01017251,Southampton 010,E02003558,NHS Hampshire and Isle of Wight,E38000253
120359076.0,way,51.5392785,0.1580578,Grays Court Community Hospital,Unknown,no,hospital,RM10 9SS,RM10,0.158266,51.538796,Dagenham and Rainham,Dagenham and Rainham,E14001189,E14001189,Barking and Dagenham,E09000002,Village,E05014070,"Barking and Dagenham, unparished area",E43000192,,E99999999,London,Barking and Dagenham,London,England,Barking and Dagenham 014D,E01000106,Barking and Dagenham 014,E02000015,NHS North East London,E38000255
122132368.0,way,50.8408728,-0.2563319,Southlands Hospital,Western Sussex Hospitals NHS Foundation Trust,no,hospital,BN43 6TQ,BN43,-0.256119,50.840752,East Worthing and Shoreham,East Worthing and Shoreham,E14001218,E14001218,Adur,E07000223,Southlands,E05007573,"Adur, unparished area",E43000147,West Sussex,E10000032,South East Coast,West Sussex,South East,England,Adur 004E,E01031372,Adur 004,E02006537,NHS Sussex,E38000265
122133740.0,way,50.8165002,-0.3641218,Worthing Hospital,Unknown,yes,hospital,BN11 2DH,BN11,-0.363429,50.816691,Worthing West,Worthing West,E14001599,E14001599,Worthing,E07000229,Central,E05007696,"Worthing, unparished area",E43000150,West Sussex,E10000032,South East Coast,West Sussex,South East,England,Worthing 011C,E01031789,Worthing 011,E02006631,NHS Sussex,E38000265
122141121.0,way,50.9353523,-1.4351668,Princess Anne Hospital,Unknown,no,hospital,SO16 5YA,SO16,-1.434863,50.935257,Southampton Test,Southampton Test,E14001500,E14001500,Southampton,E06000045,Coxford,E05015495,"Southampton, unparished area",E43000036,,E99999999,South Central,Southampton City,South East,England,Southampton 002E,E01017187,Southampton 002,E02003550,NHS Hampshire and Isle of Wight,E38000253
122141122.0,way,50.9325171,-1.4354054,Southampton General Hospital,University Hospitals Southampton,yes,hospital,SO16 6YD,SO16,-1.435104,50.933019,Southampton Test,Southampton Test,E14001500,E14001500,Southampton,E06000045,Shirley,E05015502,"Southampton, unparished area",E43000036,,E99999999,South Central,Southampton City,South East,England,Southampton 010C,E01017251,Southampton 010,E02003558,NHS Hampshire and Isle of Wight,E38000253
122380548.0,way,50.7123856,-1.2812029,Orchard Private Hospital,Unknown,no,hospital,PO30 2PT,PO30,-1.281745,50.712505,Isle of Wight West,Isle of Wight West,E14001304,E14001304,Isle of Wight,E06000046,Fairlee & Whippingham,E05013371,Newport and Carisbrooke,E04001323,,E99999999,South Central,Isle of Wight National Health Service,South East,England,Isle of Wight 008A,E01017310,Isle of Wight 008,E02003588,NHS Hampshire and Isle of Wight,E38000253
122393683.0,way,51.5388828,-1.7268056,Great Western Hospital,Unknown,yes,hospital,SN3 6BB,SN3,-1.7272,51.538528,East Wiltshire,East Wiltshire,E14001217,E14001217,Swindon,E06000030,Ridgeway,E05008966,Liddington,E04001094,,E99999999,South West,Swindon,South West,England,Swindon 008C,E01015547,Swindon 008,E02003219,"NHS Bath and North East Somerset, Swindon and Wiltshire",E38000231
122532145.0,way,56.0820988,-3.4284653,Queen Margaret Hospital,NHS Fife,no,hospital,KY12 0SU,KY12,-3.426963,56.082307,Dunfermline and Dollar,Dunfermline and Dollar,S14000076,S14000076,Fife,S12000047,Dunfermline North,S13002946,,S99999999,,S99999999,Fife,Dunfermline and West Fife Community Health Partnership,,Scotland,Queen Margaret Hospital,S01009326,Dunfermline Bellyeoman and Townhill,S02001750,Dunfermline & West Fife Community Health Partnership,S03000006
122666227.0,way,52.5232292,-1.8551237,Northcroft Hospital,Unknown,no,hospital,B23 6DW,B23,-1.855828,52.52317,Birmingham Erdington,Birmingham Erdington,E14001093,E14001093,Birmingham,E08000025,Stockland Green,E05011173,"Birmingham, unparished area",E43000250,,E99999999,West Midlands,Birmingham East and North,West Midlands,England,Birmingham 031H,E01033630,Birmingham 031,E02001857,NHS Birmingham and Solihull,E38000258
122748834.0,way,50.8306388,-0.1145203,Brighton General Hospital,NHS Trust,no,hospital,BN2 3EW,BN2,-0.114497,50.831176,Brighton Kemptown and Peacehaven,Brighton Kemptown and Peacehaven,E14001129,E14001129,Brighton and Hove,E06000043,Hanover & Elm Grove,E05015403,"Brighton and Hove, unparished area",E43000034,,E99999999,South East Coast,Brighton and Hove City,South East,England,Brighton and Hove 025F,E01016895,Brighton and Hove 025,E02003515,NHS Sussex,E38000021
122850042.0,way,51.6233407,0.3160273,Brentwood Community Hospital,Unknown,no,hospital,CM15 8DR,CM15,0.316428,51.623555,Brentwood and Ongar,Brentwood and Ongar,E14001125,E14001125,Brentwood,E07000068,Shenfield,E05015662,"Brentwood, unparished area",E43000060,Essex,E10000012,East of England,South West Essex,East of England,England,Brentwood 005E,E01021466,Brentwood 005,E02004468,NHS Mid and South Essex,E38000007
123960441.0,way,54.8101763,-2.4405921,Ruth Lancaster James Hospital,Unknown,Unknown,hospital,CA9 3QU,CA9,-2.440173,54.810742,Penrith and Solway,Penrith and Solway,E14001424,E14001424,Westmorland and Furness,E06000064,Alston and Fellside,E05014217,Alston Moor,E04002511,,E99999999,North West,Cumbria Teaching,North West,England,Eden 001A,E01019305,Eden 001,E02004008,NHS North East and North Cumbria,E38000215
124074768.0,way,56.0424508,-5.4172175,The Argyll and Bute Hospital,Unknown,Unknown,hospital,PA31 8LD,PA31,-5.418446,56.042012,"Argyll, Bute and South Lochaber","Argyll, Bute and South Lochaber",S14000067,S14000067,Argyll and Bute,S12000035,Mid Argyll,S13002518,,S99999999,,S99999999,Highland,Argyll and Bute Community Health Partnership,,Scotland,Greater Lochgilphead - 03,S01007317,Greater Lochgilphead,S02001376,Argyll & Bute Community Health Partnership,S03000025
124190372.0,way,55.8300878,-5.055378,Victoria Hospital,Unknown,Unknown,hospital,PA20 9JJ,PA20,-5.055574,55.830398,"Argyll, Bute and South Lochaber","Argyll, Bute and South Lochaber",S14000067,S14000067,Argyll and Bute,S12000035,Isle of Bute,S13002523,,S99999999,,S99999999,Highland,Argyll and Bute Community Health Partnership,,Scotland,Rothesay Town - 05,S01007348,Rothesay Town,S02001382,Argyll & Bute Community Health Partnership,S03000025
124251858.0,way,51.5265514,-3.5860279,Glanrhyd Hospital,Unknown,Unknown,hospital,CF31 4LN,CF31,-3.585936,51.525973,Bridgend,Bridgend,W07000086,W07000086,Bridgend,W06000013,Pen-y-fai,W05001250,Newcastle Higher,W04000642,,W99999999,Cwm Taf Morgannwg University Health Board,Cwm Taf Morgannwg University Health Board,,Wales,Bridgend 013C,W01001041,Bridgend 013,W02000230,Cwm Taf Morgannwg University,W11000030
124316277.0,way,51.0701027,-0.3244136,Horsham Hospital,NHS,no,hospital,RH12 2DR,RH12,-0.323827,51.069888,Horsham,Horsham,E14001294,E14001294,Horsham,E07000227,Holbrook West,E05011821,"Horsham, unparished area",E43000149,West Sussex,E10000032,South East Coast,West Sussex,South East,England,Horsham 006C,E01031653,Horsham 006,E02006593,NHS Sussex,E38000265
125866008.0,way,50.9921739,-1.4818563,Romsey Hospital,NHS,no,hospital,SO51 7ZA,SO51,-1.481992,50.992065,Romsey and Southampton North,Romsey and Southampton North,E14001449,E14001449,Test Valley,E07000093,Romsey Cupernham,E05012938,Romsey,E04013318,Hampshire,E10000014,South Central,Hampshire,South East,England,Test Valley 010F,E01023209,Test Valley 010,E02004823,NHS Hampshire and Isle of Wight,E38000253
126271830.0,way,50.7693385,-1.5458149,Lymington New Forest Hospital,Unknown,no,hospital,SO41 8QD,SO41,-1.545476,50.769099,New Forest West,New Forest West,E14001374,E14001374,New Forest,E07000091,Lymington,E05014784,Lymington and Pennington,E04004574,Hampshire,E10000014,South Central,Hampshire,South East,England,New Forest 019B,E01023002,New Forest 019,E02004797,NHS Hampshire and Isle of Wight,E38000253
127835230.0,way,53.974411,-1.0759015,Nuffield Hospital,Nuffield Health,no,hospital,YO31 8SB,YO31,-1.074631,53.97437,York Central,York Central,E14001604,E14001604,York,E06000014,Heworth,E05010320,"York, unparished area",E43000013,,E99999999,Yorkshire and the Humber,North Yorkshire and York,Yorkshire and The Humber,England,York 010A,E01013348,York 010,E02002781,NHS Humber and North Yorkshire,E38000188
127958740.0,way,51.298834,-2.4933239,Paulton Memorial Hospital,Unknown,Unknown,hospital,BS39 7SB,BS39,-2.493295,51.298674,North East Somerset and Hanham,North East Somerset and Hanham,E14001394,E14001394,Bath and North East Somerset,E06000022,Paulton,E05012481,Paulton,E04000983,,E99999999,South West,Bath and North East Somerset,South West,England,Bath and North East Somerset 023C,E01014439,Bath and North East Somerset 023,E02003007,"NHS Bath and North East Somerset, Swindon and Wiltshire",E38000231
132283014.0,way,53.2714033,-3.4969096,Glan Clwyd Hospital,NHS,yes,hospital,LL18 5UJ,LL18,-3.496345,53.271755,Clwyd North,Clwyd North,W07000095,W07000095,Denbighshire,W06000004,Bodelwyddan,W05001333,Bodelwyddan,W04000142,,W99999999,Betsi Cadwaladr University Health Board,Betsi Cadwaladr University Health Board,,Wales,Denbighshire 009A,W01000191,Denbighshire 009,W02000050,Betsi Cadwaladr University,W11000023
132398394.0,way,51.4443285,-0.9886605,Berkshire Independent Hospital,Unknown,Unknown,hospital,RG1 6UZ,RG1,-0.988313,51.44455,Reading Central,Reading Central,E14001438,E14001438,Reading,E06000038,Coley,E05013869,"Reading, unparished area",E43000031,,E99999999,South Central,Berkshire West,South East,England,Reading 013E,E01016393,Reading 013,E02003401,"NHS Buckinghamshire, Oxfordshire and Berkshire West",E38000221
132834909.0,way,52.1974936,0.1534359,Brookfields Hospital,Unknown,Unknown,hospital,CB1 3DL,CB1,0.153021,52.196746,Cambridge,Cambridge,E14001149,E14001149,Cambridge,E07000008,Romsey,E05013061,"Cambridge, unparished area",E43000042,Cambridgeshire,E10000003,East of England,Cambridgeshire,East of England,England,Cambridge 009C,E01017999,Cambridge 009,E02003727,NHS Cambridgeshire and Peterborough,E38000260
133729075.0,way,50.9092336,-3.4933496,Tiverton and District Hospital,Unknown,Unknown,hospital,EX16 6NT,EX16,-3.492967,50.909404,Tiverton and Minehead,Tiverton and Minehead,E14001548,E14001548,Mid Devon,E07000042,Tiverton Castle,E05014810,Tiverton,E04003055,Devon,E10000008,South West,Devon,South West,England,Mid Devon 005A,E01020048,Mid Devon 005,E02004168,NHS Devon,E38000230
134773843.0,way,57.4687344,-3.2234063,Fleming Hospital,Unknown,Unknown,hospital,AB38 9PR,AB38,-3.224174,57.469361,"Moray West, Nairn and Strathspey","Moray West, Nairn and Strathspey",S14000098,S14000098,Moray,S12000020,Speyside Glenlivet,S13003024,,S99999999,,S99999999,Grampian,Moray Community Health and Social Care Partnership,,Scotland,North Speyside - 03,S01011052,North Speyside,S02002074,Moray Community Health & Social Care Partnership,S03000014
134787817.0,way,55.9973504,-3.7955357,Falkirk Community Hospital,NHS Forth Valley,no,hospital,FK1 5QE,FK1,-3.79454,55.997774,Falkirk,Falkirk,S14000083,S14000083,Falkirk,S12000014,Falkirk South,S13002942,,S99999999,,S99999999,Forth Valley,Falkirk Community Health Partnership,,Scotland,Falkirk - Bantaskin - 02,S01009155,Falkirk - Bantaskin,S02001716,Falkirk Community Health Partnership,S03000010
134894438.0,way,56.3702671,-3.8425715,Crieff Community Hospital,NHS Tayside,Unknown,hospital,PH7 3SA,PH7,-3.84264,56.370422,Perth and Kinross-shire,Perth and Kinross-shire,S14000103,S14000103,Perth and Kinross,S12000048,Strathearn,S13003068,,S99999999,,S99999999,Tayside,Perth and Kinross Community Health Partnership,,Scotland,Crieff South - 05,S01011870,Crieff South,S02002226,Perth & Kinross Community Health Partnership,S03000040
135421676.0,way,57.668066,-2.9816982,Seafield Hospital,Unknown,Unknown,hospital,AB56 1SF,AB56,-2.98178,57.667831,Aberdeenshire North and Moray East,Aberdeenshire North and Moray East,S14000062,S14000062,Moray,S12000020,Buckie,S13003026,,S99999999,,S99999999,Grampian,Moray Community Health and Social Care Partnership,,Scotland,Buckie West and Mains of Buckie - 04,S01011081,Buckie West and Mains of Buckie,S02002079,Moray Community Health & Social Care Partnership,S03000014
135616875.0,way,51.4102863,-0.845857,Wokingham Hospital,Unknown,no,Unknown,RG41 2RE,RG41,-0.845603,51.410195,Wokingham,Wokingham,E14001593,E14001593,Wokingham,E06000041,Emmbrook,E05015785,Wokingham,E04012089,,E99999999,South Central,Berkshire West,South East,England,Wokingham 013A,E01016626,Wokingham 013,E02003451,"NHS Buckinghamshire, Oxfordshire and Berkshire West",E38000221
135855436.0,way,51.0905211,-0.7372102,Holy Cross Hospital,The Congregation of the Daughters of the Cross of Liege,no,hospital,GU27 1NQ,GU27,-0.736366,51.090618,Farnham and Bordon,Farnham and Bordon,E14001234,E14001234,Waverley,E07000216,Haslemere West,E05015166,Haslemere,E04009619,Surrey,E10000030,South East Coast,Surrey,South East,England,Waverley 017A,E01030926,Waverley 017,E02006455,NHS Surrey Heartlands,E38000264
136409345.0,way,57.4456305,-3.1238752,Stephen Cottage Hospital,Unknown,no,hospital,AB55 4FJ,AB55,-3.124038,57.445494,"Moray West, Nairn and Strathspey","Moray West, Nairn and Strathspey",S14000098,S14000098,Moray,S12000020,Speyside Glenlivet,S13003024,,S99999999,,S99999999,Grampian,Moray Community Health and Social Care Partnership,,Scotland,South Speyside and the Cabrach - 05,S01011049,South Speyside and the Cabrach,S02002073,Moray Community Health & Social Care Partnership,S03000014
136438327.0,way,51.0922974,-0.7074426,Haslemere & District Hospital,Unknown,Unknown,Unknown,GU27 2BQ,GU27,-0.707586,51.092107,Farnham and Bordon,Farnham and Bordon,E14001234,E14001234,Waverley,E07000216,Haslemere East,E05015165,Haslemere,E04009619,Surrey,E10000030,South East Coast,Surrey,South East,England,Waverley 016D,E01030933,Waverley 016,E02006454,NHS Surrey Heartlands,E38000264
137745432.0,way,53.5898452,-2.711244,Wrightington Hospital,Unknown,Unknown,hospital,WN6 9EP,WN6,-2.711509,53.589824,West Lancashire,West Lancashire,E14001577,E14001577,West Lancashire,E07000127,Rural North East,E05014936,Wrightington,E04005317,Lancashire,E10000017,North West,Central Lancashire,North West,England,West Lancashire 005D,E01025538,West Lancashire 005,E02005308,NHS Lancashire and South Cumbria,E38000200
137754985.0,way,51.3405666,-0.1148023,Purley War Memorial Hospital,Unknown,Unknown,hospital,CR8 2YL,CR8,-0.114466,51.34074,Croydon South,Croydon South,E14001187,E14001187,Croydon,E09000008,Purley & Woodcote,E05011476,"Croydon, unparished area",E43000198,,E99999999,London,Croydon,London,England,Croydon 037E,E01001097,Croydon 037,E02000230,NHS South West London,E38000245
138246917.0,way,50.155613,-5.0860695,Falmouth Hospital,Unknown,Unknown,hospital,TR11 2JA,TR11,-5.086142,50.155684,Truro and Falmouth,Truro and Falmouth,E14001554,E14001554,Cornwall,E06000052,Falmouth Trescobeas & Budock,E05013840,Falmouth,E04013058,,E99999999,South West,Cornwall and Isles of Scilly,South West,England,Cornwall 064E,E01018859,Cornwall 064,E02003917,NHS Cornwall and the Isles of Scilly,E38000089
139776216.0,way,56.0354604,-3.8173108,Bellsdyke Hospital,NHS,no,hospital,FK5 4WS,FK5,-3.818408,56.035611,Alloa and Grangemouth,Alloa and Grangemouth,S14000064,S14000064,Falkirk,S12000014,"Carse, Kinnaird and Tryst",S13002939,,S99999999,,S99999999,Forth Valley,Falkirk Community Health Partnership,,Scotland,Larbert - North Broomage and Inches - 03,S01009090,Larbert - North Broomage and Inches,S02001703,Falkirk Community Health Partnership,S03000010
142367365.0,way,52.9876924,-2.2232194,North Staffordshire Nuffield Hospital,Unknown,Unknown,hospital,ST5 4DB,ST5,-2.223295,52.987356,Newcastle-under-Lyme,Newcastle-under-Lyme,E14001380,E14001380,Newcastle-under-Lyme,E07000195,Westbury Park & Northwood,E05011433,"Newcastle-under-Lyme, unparished area",E43000131,Staffordshire,E10000028,West Midlands,North Staffordshire,West Midlands,England,Newcastle-under-Lyme 015B,E01029589,Newcastle-under-Lyme 015,E02006172,NHS Staffordshire and Stoke-on-Trent,E38000126
142385900.0,way,51.4519811,-0.2139272,Royal Hospital for Neuro-Disability,Unknown,no,hospital,SW15 3SW,SW15,-0.213735,51.452204,Putney,Putney,E14001434,E14001434,Wandsworth,E09000032,West Hill,E05014029,"Wandsworth, unparished area",E43000222,,E99999999,London,Wandsworth,London,England,Wandsworth 022A,E01004628,Wandsworth 022,E02000944,NHS South West London,E38000245
142704218.0,way,52.1521017,1.5953225,Aldeburgh Community Hospital,Unknown,Unknown,hospital,IP15 5ES,IP15,1.595543,52.152262,Suffolk Coastal,Suffolk Coastal,E14001530,E14001530,East Suffolk,E07000244,Aldeburgh & Leiston,E05015548,Aldeburgh,E04009365,Suffolk,E10000029,East of England,Suffolk,East of England,England,Suffolk Coastal 004A,E01030152,Suffolk Coastal 004,E02006290,NHS Suffolk and North East Essex,E38000086
143454754.0,way,53.5870022,-0.66719,Scunthorpe General Hospital,NHS,yes,hospital,DN15 7BH,DN15,-0.667599,53.587582,Scunthorpe,Scunthorpe,E14001462,E14001462,North Lincolnshire,E06000013,Town,E05015092,"North Lincolnshire, unparished area",E43000012,,E99999999,Yorkshire and the Humber,North Lincolnshire,Yorkshire and The Humber,England,North Lincolnshire 009C,E01013333,North Lincolnshire 009,E02002757,NHS Humber and North Yorkshire,E38000122
145255437.0,way,51.1902719,-2.5625125,Shepton Mallet Community Hospital,Unknown,Unknown,hospital,BA4 4PG,BA4,-2.562486,51.190575,Wells and Mendip Hills,Wells and Mendip Hills,E14001572,E14001572,Somerset,E06000066,Shepton Mallet,E05014378,Shepton Mallet,E04008585,,E99999999,South West,Somerset,South West,England,Mendip 009C,E01029065,Mendip 009,E02006055,NHS Somerset,E38000150
146179853.0,way,50.4327715,-3.6841293,Totnes Community Hospital,South West NHS Trust,no,hospital,TQ9 5GH,TQ9,-3.684189,50.432772,South Devon,South Devon,E14001484,E14001484,South Hams,E07000044,Totnes,E05010144,Totnes,E04003183,Devon,E10000008,South West,Devon,South West,England,South Hams 003D,E01020183,South Hams 003,E02004191,NHS Devon,E38000230
146392466.0,way,53.7159392,-0.8742469,Goole and District Hospital,Unknown,yes,hospital,DN14 6RX,DN14,-0.874932,53.715463,Goole and Pocklington,Goole and Pocklington,E14001250,E14001250,East Riding of Yorkshire,E06000011,Goole North,E05001696,Goole,E04000401,,E99999999,Yorkshire and the Humber,East Riding of Yorkshire,Yorkshire and The Humber,England,East Riding of Yorkshire 037B,E01012998,East Riding of Yorkshire 037,E02002720,NHS Humber and North Yorkshire,E38000052
146636428.0,way,52.0668558,-1.6224857,Ellen Badger Hospital,Unknown,Unknown,hospital,CV36 4AX,CV36,-1.622551,52.066858,Stratford-on-Avon,Stratford-on-Avon,E14001526,E14001526,Stratford-on-Avon,E07000221,Shipston North,E05015121,Shipston on Stour,E04009778,Warwickshire,E10000031,West Midlands,Warwickshire,West Midlands,England,Stratford-on-Avon 015D,E01031215,Stratford-on-Avon 015,E02006518,NHS Coventry and Warwickshire,E38000251
146810350.0,way,51.2659343,1.0868392,Kent and Canterbury Hospital,East Kent Hospitals University NHS Foundation Trust,no,hospital,CT1 3NG,CT1,1.087083,51.266589,Canterbury,Canterbury,E14001151,E14001151,Canterbury,E07000106,Barton,E05012990,"Canterbury, unparished area",E43000269,Kent,E10000016,South East Coast,Eastern and Coastal Kent,South East,England,Canterbury 016C,E01024046,Canterbury 016,E02005025,NHS Kent and Medway,E38000237
147241472.0,way,51.6004241,0.2930177,Hartswood Hospital,Unknown,no,hospital,CM13 3LE,CM13,0.293055,51.600416,Brentwood and Ongar,Brentwood and Ongar,E14001125,E14001125,Brentwood,E07000068,Warley,E05015663,"Brentwood, unparished area",E43000060,Essex,E10000012,East of England,South West Essex,East of England,England,Brentwood 008D,E01021473,Brentwood 008,E02004471,NHS Mid and South Essex,E38000007
147437337.0,way,51.1602951,-2.6992952,West Mendip Community Hospital,Unknown,no,hospital,BA6 8JD,BA6,-2.699231,51.160478,Glastonbury and Somerton,Glastonbury and Somerton,E14001247,E14001247,Somerset,E06000066,Glastonbury,E05014363,Glastonbury,E04008561,,E99999999,South West,Somerset,South West,England,Mendip 011F,E01032627,Mendip 011,E02006057,NHS Somerset,E38000150
148187367.0,way,53.145325,0.3321933,Skegness Hospital,Unknown,Unknown,hospital,PE25 2BS,PE25,0.332257,53.145179,Boston and Skegness,Boston and Skegness,E14001114,E14001114,East Lindsey,E07000137,Scarbrough & Seacroft,E05009897,Skegness,E04005719,Lincolnshire,E10000019,East Midlands,Lincolnshire Teaching,East Midlands,England,East Lindsey 014A,E01026092,East Lindsey 014,E02005437,NHS Lincolnshire,E38000238
148859037.0,way,52.5376333,-1.9904271,Heath Lane Hospital,Unknown,Unknown,hospital,B71 2BW,B71,-1.991376,52.537138,Tipton and Wednesbury,Tipton and Wednesbury,E14001547,E14001547,Sandwell,E08000028,Hateley Heath,E05001269,"Sandwell, unparished area",E43000182,,E99999999,West Midlands,Sandwell,West Midlands,England,Sandwell 010E,E01009997,Sandwell 010,E02002052,NHS Black Country,E38000259
150803075.0,way,50.614883,-2.480805,Westhaven Hospital,Unknown,Unknown,hospital,DT4 0QJ,DT4,-2.480983,50.614396,South Dorset,South Dorset,E14001485,E14001485,Dorset,E06000059,Westham,E05012729,Weymouth,E04013158,,E99999999,South West,Dorset,South West,England,Weymouth and Portland 005D,E01020578,Weymouth and Portland 005,E02004285,NHS Dorset,E38000045
151375407.0,way,52.1732461,0.135771,The Royal Papworth Hospital,Unknown,Unknown,hospital,CB2 0AY,CB2,0.136046,52.173522,South Cambridgeshire,South Cambridgeshire,E14001481,E14001481,Cambridge,E07000008,Queen Edith's,E05013060,"Cambridge, unparished area",E43000042,Cambridgeshire,E10000003,East of England,Cambridgeshire,East of England,England,Cambridge 013D,E01017995,Cambridge 013,E02003731,NHS Cambridgeshire and Peterborough,E38000260
153158369.0,way,52.4578489,-1.1976736,Feilding Palmer Hospital,Unknown,Unknown,hospital,LE17 4DZ,LE17,-1.1978,52.457853,South Leicestershire,South Leicestershire,E14001488,E14001488,Harborough,E07000131,Lutterworth East,E05011973,Lutterworth,E04005452,Leicestershire,E10000018,East Midlands,Leicestershire County and Rutland,East Midlands,England,Harborough 010C,E01025792,Harborough 010,E02005376,"NHS Leicester, Leicestershire and Rutland",E38000051
154505148.0,way,52.4233953,-1.4380762,BMI Meriden Hospital,Unknown,Unknown,hospital,CV2 2LQ,CV2,-1.438162,52.423385,Coventry East,Coventry East,E14001180,E14001180,Coventry,E08000026,Henley,E05001223,"Coventry, unparished area",E43000246,,E99999999,West Midlands,Coventry Teaching,West Midlands,England,Coventry 019A,E01009580,Coventry 019,E02001976,NHS Coventry and Warwickshire,E38000251
154752873.0,way,54.0868452,-0.2160278,Bridlington and District Hospital,Unknown,no,Unknown,YO16 4QP,YO16,-0.215754,54.086552,Bridlington and The Wolds,Bridlington and The Wolds,E14001127,E14001127,East Riding of Yorkshire,E06000011,Bridlington South,E05001690,Bridlington,E04000511,,E99999999,Yorkshire and the Humber,East Riding of Yorkshire,Yorkshire and The Humber,England,East Riding of Yorkshire 003E,E01012949,East Riding of Yorkshire 003,E02002686,NHS Humber and North Yorkshire,E38000052
155185402.0,way,53.398408,-2.9591793,Liverpool Women's Hospital,Unknown,Unknown,hospital,L8 7SS,L8,-2.960077,53.398461,Liverpool Riverside,Liverpool Riverside,E14001338,E14001338,Liverpool,E08000012,Canning,E05015285,"Liverpool, unparished area",E43000166,,E99999999,North West,Liverpool,North West,England,Liverpool 031A,E01006512,Liverpool 031,E02001377,NHS Cheshire and Merseyside,E38000101
157502034.0,way,51.3771251,-0.5267214,Saint Peter's Hospital A&E,Unknown,yes,hospital,KT16 0PZ,KT16,-0.52706,51.377832,Runnymede and Weybridge,Runnymede and Weybridge,E14001456,E14001456,Runnymede,E07000212,"Longcross, Lyne & Chertsey South",E05012895,"Runnymede, unparished area",E43000141,Surrey,E10000030,South East Coast,Surrey,South East,England,Runnymede 008A,E01030677,Runnymede 008,E02006400,NHS Surrey Heartlands,E38000264
158039206.0,way,51.0860679,1.1715356,Royal Victoria Hospital and Folkestone Minor Injury Unit,NHS,no,hospital,CT19 5BN,CT19,1.171551,51.086144,Folkestone and Hythe,Folkestone and Hythe,E14001239,E14001239,Folkestone and Hythe,E07000112,Broadmead,E05010015,Folkestone,E04005040,Kent,E10000016,South East Coast,Eastern and Coastal Kent,South East,England,Shepway 006E,E01024515,Shepway 006,E02005107,NHS Kent and Medway,E38000237
158339571.0,way,51.1317323,1.2913084,Buckland Hospital,Unknown,no,hospital,CT17 0HA,CT17,1.291282,51.132085,Dover and Deal,Dover and Deal,E14001202,E14001202,Dover,E07000108,St Radigunds,E05012866,Dover,E04004932,Kent,E10000016,South East Coast,Eastern and Coastal Kent,South East,England,Dover 011F,E01024240,Dover 011,E02005051,NHS Kent and Medway,E38000237
158454809.0,way,54.3424523,-1.430568,Friarage Hospital,Unknown,yes,hospital,DL6 1JG,DL6,-1.430534,54.342331,Richmond and Northallerton,Richmond and Northallerton,E14001444,E14001444,North Yorkshire,E06000065,Northallerton North & Brompton,E05014298,Northallerton,E04007234,,E99999999,Yorkshire and the Humber,North Yorkshire and York,Yorkshire and The Humber,England,Hambleton 004G,E01027612,Hambleton 004,E02005753,NHS Humber and North Yorkshire,E38000241
158773397.0,way,51.7875141,-1.4896882,Witney Community Hospital,Unknown,Unknown,hospital,OX28 6JJ,OX28,-1.489856,51.787407,Witney,Witney,E14001591,E14001591,West Oxfordshire,E07000181,Witney Central,E05006648,Witney,E04008335,Oxfordshire,E10000025,South Central,Oxfordshire,South East,England,West Oxfordshire 010A,E01028807,West Oxfordshire 010,E02006002,"NHS Buckinghamshire, Oxfordshire and Berkshire West",E38000136
159098120.0,way,50.4617525,-4.450848,Liskeard Community Hospital,Unknown,yes,hospital,PL14 3XD,PL14,-4.450981,50.461585,South East Cornwall,South East Cornwall,E14001486,E14001486,Cornwall,E06000052,Liskeard Central,E05013302,Liskeard,E04013065,,E99999999,South West,Cornwall and Isles of Scilly,South West,England,Cornwall 016C,E01018769,Cornwall 016,E02003895,NHS Cornwall and the Isles of Scilly,E38000089
162591107.0,way,51.6110636,-3.6695334,Maesteg Community Hospital,Cwm Taf Morgannwg University Health Board,no,hospital,CF34 9PW,CF34,-3.669621,51.611091,Aberafan Maesteg,Aberafan Maesteg,W07000081,W07000081,Bridgend,W06000013,Maesteg West,W05001243,Maesteg,W04000640,,W99999999,Cwm Taf Morgannwg University Health Board,Cwm Taf Morgannwg University Health Board,,Wales,Bridgend 002C,W01001017,Bridgend 002,W02000219,Cwm Taf Morgannwg University,W11000030
163793593.0,way,51.2620033,1.0874102,The Chaucer Hospital,Circle Health Group,no,hospital,CT4 7AR,CT4,1.087475,51.261726,Canterbury,Canterbury,E14001151,E14001151,Canterbury,E07000106,Barton,E05012990,"Canterbury, unparished area",E43000269,Kent,E10000016,South East Coast,Eastern and Coastal Kent,South East,England,Canterbury 016C,E01024046,Canterbury 016,E02005025,NHS Kent and Medway,E38000237
165756017.0,way,53.9876034,-1.5479096,Duchy Hospital,Unknown,no,hospital,HG2 0HF,HG2,-1.547812,53.98757,Harrogate and Knaresborough,Harrogate and Knaresborough,E14001269,E14001269,North Yorkshire,E06000065,Valley Gardens & Central Harrogate,E05014331,"North Yorkshire, unparished area",E43000296,,E99999999,Yorkshire and the Humber,North Yorkshire and York,Yorkshire and The Humber,England,Harrogate 019B,E01027679,Harrogate 019,E02005779,NHS Humber and North Yorkshire,E38000241
165813070.0,way,51.3681236,1.1432567,Queen Victoria Memorial Hospital,Unknown,no,Unknown,CT6 6EB,CT6,1.142881,51.367885,Herne Bay and Sandwich,Herne Bay and Sandwich,E14001282,E14001282,Canterbury,E07000106,Beltinge,E05010392,"Canterbury, unparished area",E43000269,Kent,E10000016,South East Coast,Eastern and Coastal Kent,South East,England,Canterbury 002C,E01024097,Canterbury 002,E02005011,NHS Kent and Medway,E38000237
165813912.0,way,51.0641373,0.6749555,West View Hospital,Unknown,Unknown,hospital,TN30 6TX,TN30,0.674914,51.064487,Weald of Kent,Weald of Kent,E14001570,E14001570,Ashford,E07000105,Rolvenden & Tenterden West,E05011765,Tenterden,E04004860,Kent,E10000016,South East Coast,Eastern and Coastal Kent,South East,England,Ashford 013A,E01024009,Ashford 013,E02005008,NHS Kent and Medway,E38000237
165971552.0,way,53.3786684,-1.4931511,Royal Hallamshire Hospital,Sheffield Teaching Hospitals NHS Foundation Trust,Unknown,hospital,S10 2RX,S10,-1.493465,53.378472,Sheffield Central,Sheffield Central,E14001467,E14001467,Sheffield,E08000019,Broomhill and Sharrow Vale,E05010860,"Sheffield, unparished area",E43000173,,E99999999,Yorkshire and the Humber,Sheffield,Yorkshire and The Humber,England,Sheffield 030A,E01007866,Sheffield 030,E02001640,NHS South Yorkshire,E38000146
166818325.0,way,51.8919427,-2.1298722,Nuffield Hospital,Nuffield Health Group,no,hospital,GL51 6SY,GL51,-2.12992,51.891927,Cheltenham,Cheltenham,E14001161,E14001161,Cheltenham,E07000078,"Benhall, the Reddings & Fiddler's Green",E05015706,"Cheltenham, unparished area",E43000255,Gloucestershire,E10000013,South West,Gloucestershire,South West,England,Cheltenham 010C,E01022108,Cheltenham 010,E02004609,NHS Gloucestershire,E38000062
169925598.0,way,52.5159208,-1.8338363,Ardenleigh Hospital,Birmingham and Solihull Mental Health NHS Foundation Trust,no,hospital,B24 9SB,B24,-1.834582,52.515839,Birmingham Erdington,Birmingham Erdington,E14001093,E14001093,Birmingham,E08000025,Pype Hayes,E05011162,"Birmingham, unparished area",E43000250,,E99999999,West Midlands,Birmingham East and North,West Midlands,England,Birmingham 028E,E01009104,Birmingham 028,E02001854,NHS Birmingham and Solihull,E38000258
169963324.0,way,53.9146568,-1.6994791,Wharfedale Hospital,Unknown,no,hospital,LS21 2FB,LS21,-1.699515,53.914839,Leeds North West,Leeds North West,E14001322,E14001322,Leeds,E08000035,Otley & Yeadon,E05011549,Otley,E04000204,,E99999999,Yorkshire and the Humber,Leeds,Yorkshire and The Humber,England,Leeds 003A,E01011581,Leeds 003,E02002332,NHS West Yorkshire,E38000225
170313253.0,way,50.5391902,-3.6125841,Newton Abbot Community Hospital,Unknown,Unknown,hospital,TQ12 2TS,TQ12,-3.612255,50.539359,Newton Abbot,Newton Abbot,E14001381,E14001381,Teignbridge,E07000045,Bushell,E05011898,Newton Abbot,E04013236,Devon,E10000008,South West,Devon,South West,England,Teignbridge 012D,E01020219,Teignbridge 012,E02004212,NHS Devon,E38000230
170732745.0,way,51.5175315,-0.1001003,St Bartholomew's Hospital,Unknown,Unknown,hospital,EC1A 7BE,EC1A,-0.100404,51.51775,Cities of London and Westminster,Cities of London and Westminster,E14001172,E14001172,City of London,E09000001,Farringdon Without,E05009305,"City of London, unparished area",E43000191,,E99999999,London,City and Hackney Teaching,London,England,City of London 001G,E01032740,City of London 001,E02000001,NHS North East London,E38000255
170991726.0,way,51.6233476,0.3129045,Nuffield Hospital,Unknown,no,hospital,CM15 8EH,CM15,0.312848,51.623337,Brentwood and Ongar,Brentwood and Ongar,E14001125,E14001125,Brentwood,E07000068,Shenfield,E05015662,"Brentwood, unparished area",E43000060,Essex,E10000012,East of England,South West Essex,East of England,England,Brentwood 005E,E01021466,Brentwood 005,E02004468,NHS Mid and South Essex,E38000007
172538178.0,way,53.4513971,-2.9670636,Clock View Hospital,Unknown,Unknown,hospital,L9 1ET,L9,-2.966359,53.452045,Liverpool Walton,Liverpool Walton,E14001339,E14001339,Liverpool,E08000012,Walton,E05015331,"Liverpool, unparished area",E43000166,,E99999999,North West,Liverpool,North West,England,Liverpool 006D,E01006791,Liverpool 006,E02001352,NHS Cheshire and Merseyside,E38000101
173084768.0,way,53.8530616,-0.41245,East Riding Community Hospital,Unknown,yes,hospital,HU17 0FA,HU17,-0.413174,53.852777,Beverley and Holderness,Beverley and Holderness,E14001087,E14001087,East Riding of Yorkshire,E06000011,St Mary's,E05001705,Beverley,E04000508,,E99999999,Yorkshire and the Humber,East Riding of Yorkshire,Yorkshire and The Humber,England,East Riding of Yorkshire 016B,E01013065,East Riding of Yorkshire 016,E02002699,NHS Humber and North Yorkshire,E38000052
173932913.0,way,51.9834788,-1.7067562,North Cotswolds Hospital,Unknown,no,hospital,GL56 0DS,GL56,-1.705957,51.983554,North Cotswolds,North Cotswolds,E14001386,E14001386,Cotswold,E07000079,Moreton West,E05010712,Moreton-in-Marsh,E04004249,Gloucestershire,E10000013,South West,Gloucestershire,South West,England,Cotswold 002E,E01022212,Cotswold 002,E02004616,NHS Gloucestershire,E38000062
175515956.0,way,51.0179945,-4.213255,Bideford Hospital,Unknown,no,hospital,EX39 3AG,EX39,-4.212783,51.017812,Torridge and Tavistock,Torridge and Tavistock,E14001552,E14001552,Torridge,E07000046,Bideford North,E05011918,Bideford,E04012901,Devon,E10000008,South West,Devon,South West,England,Torridge 003A,E01020280,Torridge 003,E02004222,NHS Devon,E38000230
175876242.0,way,52.6173221,1.7299624,Northgate Hospital,Unknown,no,hospital,NR30 4JH,NR30,1.730071,52.617293,Great Yarmouth,Great Yarmouth,E14001256,E14001256,Great Yarmouth,E07000145,Central and Northgate,E05005788,"Great Yarmouth, unparished area",E43000113,Norfolk,E10000020,East of England,Great Yarmouth and Waveney,East of England,England,Great Yarmouth 004A,E01026599,Great Yarmouth 004,E02005541,NHS Norfolk and Waveney,E38000239
176251411.0,way,53.8280325,-1.5698687,Mill Garth Hospital,Unknown,Unknown,hospital,LS6 4RD,LS6,-1.570387,53.828352,Leeds North East,Leeds North East,E14001321,E14001321,Leeds,E08000035,Moortown,E05011405,"Leeds, unparished area",E43000294,,E99999999,Yorkshire and the Humber,Leeds,Yorkshire and The Humber,England,Leeds 109D,E01011692,Leeds 109,E02006852,NHS West Yorkshire,E38000225
176331601.0,way,51.2155051,-1.4943192,Andover Hospital (Grounds),Unknown,no,hospital,SP10 3LB,SP10,-1.494692,51.215737,North West Hampshire,North West Hampshire,E14001403,E14001403,Test Valley,E07000093,Andover Harroway,E05012928,Andover,E04012839,Hampshire,E10000014,South Central,Hampshire,South East,England,Test Valley 004B,E01023183,Test Valley 004,E02004817,NHS Hampshire and Isle of Wight,E38000253
178375603.0,way,51.4127584,-2.5831403,South Bristol NHS Community Hospital,NHS,no,hospital,BS14 0DE,BS14,-2.583357,51.412858,Bristol South,Bristol South,E14001135,E14001135,"Bristol, City of",E06000023,Hengrove and Whitchurch Park,E05010902,"Bristol, City of, unparished area",E43000019,,E99999999,South West,Bristol,South West,England,Bristol 047A,E01014607,Bristol 047,E02003058,"NHS Bristol, North Somerset and South Gloucestershire",E38000222
179084193.0,way,53.8333663,-1.7862359,Shipley Hospital,Unknown,no,Unknown,BD18 3LT,BD18,-1.786281,53.833433,Shipley,Shipley,E14001472,E14001472,Bradford,E08000032,Shipley,E05001362,Shipley,E04013024,,E99999999,Yorkshire and the Humber,Bradford and Airedale Teaching,Yorkshire and The Humber,England,Bradford 020D,E01010788,Bradford 020,E02002202,NHS West Yorkshire,E38000232
179172091.0,way,55.3068134,-1.9138233,Coquetdale Community Hospital,Unknown,no,hospital,NE65 7RW,NE65,-1.913915,55.306771,North Northumberland,North Northumberland,E14001397,E14001397,Northumberland,E06000057,Rothbury,E05009148,Rothbury,E04013132,,E99999999,North East,Northumberland,North East,England,Northumberland 007C,E01027369,Northumberland 007,E02005705,NHS North East and North Cumbria,E38000130
181620519.0,way,50.4751061,-3.5416511,Mount Stuart Hospital,Unknown,no,hospital,TQ1 4UP,TQ1,-3.541757,50.475093,Torbay,Torbay,E14001551,E14001551,Torbay,E06000027,Tormohun,E05012268,"Torbay, unparished area",E43000022,,E99999999,South West,Torbay,South West,England,Torbay 004B,E01015258,Torbay 004,E02003157,NHS Devon,E38000230
182344201.0,way,51.3821689,-0.0563816,Shirley Oaks Hospital,Unknown,Unknown,hospital,CR9 8AB,CR9,-0.056352,51.382299,Croydon East,Croydon East,E14001186,E14001186,Croydon,E09000008,Shirley North,E05011482,"Croydon, unparished area",E43000198,,E99999999,London,Croydon,London,England,Croydon 018E,E01001134,Croydon 018,E02000211,NHS South West London,E38000245
183157638.0,way,53.4253112,-2.2461827,Withington Community Hospital,Unknown,no,hospital,M20 2LR,M20,-2.245239,53.425198,Manchester Withington,Manchester Withington,E14001354,E14001354,Manchester,E08000003,Didsbury West,E05011363,"Manchester, unparished area",E43000157,,E99999999,North West,Manchester Teaching,North West,England,Manchester 039D,E01005083,Manchester 039,E02001083,NHS Greater Manchester,E38000217
184154674.0,way,51.5250528,-0.0421703,Mile End Hospital,Barts Health NHS Trust,no,hospital,E1 4HA,E1,-0.042179,51.525049,Bethnal Green and Stepney,Bethnal Green and Stepney,E14001086,E14001086,Tower Hamlets,E09000030,Bethnal Green East,E05009317,"Tower Hamlets, unparished area",E43000220,,E99999999,London,Tower Hamlets,London,England,Tower Hamlets 010A,E01004261,Tower Hamlets 010,E02000873,NHS North East London,E38000255
187160252.0,way,50.9528662,-2.7985461,South Petherton Hospital,Unknown,no,hospital,TA13 5EF,TA13,-2.79886,50.952083,Yeovil,Yeovil,E14001603,E14001603,Somerset,E06000066,South Petherton & Islemoor,E05014380,South Petherton,E04008755,,E99999999,South West,Somerset,South West,England,South Somerset 010D,E01029218,South Somerset 010,E02006084,NHS Somerset,E38000150
187377764.0,way,52.1863461,-2.5068822,Bromyard Community Hospital,Unknown,no,hospital,HR7 4QN,HR7,-2.506908,52.186335,North Herefordshire,North Herefordshire,E14001395,E14001395,"Herefordshire, County of",E06000019,Bromyard Bringsty,E05009446,Bromyard and Winslow,E04000716,,E99999999,West Midlands,Herefordshire,West Midlands,England,Herefordshire 005C,E01014002,Herefordshire 005,E02002909,NHS Herefordshire and Worcestershire,E38000236
188617701.0,way,51.486919,-0.2197632,Charing Cross Hospital,Unknown,yes,hospital,W6 8RF,W6,-0.219935,51.487045,Chelsea and Fulham,Chelsea and Fulham,E14001160,E14001160,Hammersmith and Fulham,E09000013,Fulham Reach,E05013738,"Hammersmith and Fulham, unparished area",E43000203,,E99999999,London,Hammersmith and Fulham,London,England,Hammersmith and Fulham 016C,E01001890,Hammersmith and Fulham 016,E02000387,NHS North West London,E38000256
189332192.0,way,54.5947668,-5.9543819,Royal Victoria Hospital,Belfast Health and Social Care Trust (BHSCT) - NHS,yes,hospital,BT12 6BA,BT12,-5.954027,54.594243,Belfast West,Belfast West,N05000004,N05000004,Belfast,N09000003,Falls,N08000324,,N99999999,,N99999999,Health & Social Care Board,Belfast,,Northern Ireland,Falls 1,95GG21S1,,N99999999,Belfast,ZC010
190448127.0,way,50.7213936,-1.9738157,Poole General Hospital,Poole NHS Trust,yes,hospital,BH15 2JA,BH15,-1.974704,50.721313,Poole,Poole,E14001429,E14001429,"Bournemouth, Christchurch and Poole",E06000058,Poole Town,E05012674,"Bournemouth, Christchurch and Poole, unparished area",E43000261,,E99999999,South West,Bournemouth and Poole Teaching,South West,England,Poole 015D,E01015468,Poole 015,E02003208,NHS Dorset,E38000045
192557391.0,way,51.4848647,-2.5378608,Blackberry Hill Hospital,Unknown,Unknown,hospital,BS16 1EG,BS16,-2.537367,51.484598,Bristol North East,Bristol North East,E14001133,E14001133,"Bristol, City of",E06000023,Frome Vale,E05010899,"Bristol, City of, unparished area",E43000019,,E99999999,South West,Bristol,South West,England,Bristol 013A,E01014588,Bristol 013,E02003024,"NHS Bristol, North Somerset and South Gloucestershire",E38000222
193401714.0,way,56.0255487,-3.8475665,Forth Valley Royal Hospital,NHS Forth Valley,yes,hospital,FK5 4WR,FK5,-3.84801,56.025121,Alloa and Grangemouth,Alloa and Grangemouth,S14000064,S14000064,Falkirk,S12000014,Bonnybridge and Larbert,S13002940,,S99999999,,S99999999,Forth Valley,Falkirk Community Health Partnership,,Scotland,Larbert - North Broomage and Inches - 01,S01009088,Larbert - North Broomage and Inches,S02001703,Falkirk Community Health Partnership,S03000010
193454551.0,way,54.562309,-5.906021,Forster Green Hospital,Belfast Health and Social Care Trust,no,hospital,BT8 6GR,BT8,-5.905899,54.561801,Belfast South and Mid Down,Belfast South and Mid Down,N05000003,N05000003,Lisburn and Castlereagh,N09000007,Galwally,N08000717,,N99999999,,N99999999,Health & Social Care Board,Belfast,,Northern Ireland,Galwally,95II11W1,,N99999999,Belfast,ZC010
195121147.0,way,50.928266,-1.3241921,Moorgreen Hospital,Unknown,Unknown,hospital,SO30 3JB,SO30,-1.323376,50.92864,Eastleigh,Eastleigh,E14001220,E14001220,Eastleigh,E07000086,West End North,E05011199,West End,E04012910,Hampshire,E10000014,South Central,Hampshire,South East,England,Eastleigh 009A,E01022713,Eastleigh 009,E02004720,NHS Hampshire and Isle of Wight,E38000253
196181390.0,way,51.3149284,-0.5568503,Woking Community Hospital,Unknown,Unknown,Unknown,GU22 7HS,GU22,-0.556304,51.315132,Woking,Woking,E14001592,E14001592,Woking,E07000217,Mount Hermon,E05010802,"Woking, unparished area",E43000144,Surrey,E10000030,South East Coast,Surrey,South East,England,Woking 008E,E01030993,Woking 008,E02006463,NHS Surrey Heartlands,E38000264
197338223.0,way,50.8619475,-2.1665878,Blandford Community Hospital,Unknown,no,hospital,DT11 7UB,DT11,-2.166875,50.862775,North Dorset,North Dorset,E14001388,E14001388,Dorset,E06000059,Blandford,E05012685,Blandford Forum,E04010488,,E99999999,South West,Dorset,South West,England,North Dorset 007D,E01020438,North Dorset 007,E02004261,NHS Dorset,E38000045
197910029.0,way,51.5838151,0.1880023,Victoria Hospital,Unknown,no,hospital,RM1 4HL,RM1,0.187311,51.583657,Romford,Romford,E14001448,E14001448,Havering,E09000016,Marshalls & Rise Park,E05013977,"Havering, unparished area",E43000206,,E99999999,London,Havering,London,England,Havering 013B,E01002353,Havering 013,E02000476,NHS North East London,E38000255
198323142.0,way,51.7538735,0.4851576,Springfield Hospital,Ramsay Health Care UK,no,hospital,CM1 7GU,CM1,0.484598,51.753372,Chelmsford,Chelmsford,E14001159,E14001159,Chelmsford,E07000070,Springfield North,E05004115,Springfield,E04013172,Essex,E10000012,East of England,Mid Essex,East of England,England,Chelmsford 004D,E01021620,Chelmsford 004,E02004488,NHS Mid and South Essex,E38000106
199550001.0,way,54.6427879,-3.5513524,Workington Community Hospital,Unknown,no,hospital,CA14 2RW,CA14,-3.551342,54.642687,Whitehaven and Workington,Whitehaven and Workington,E14001583,E14001583,Cumberland,E06000063,St Michael's,E05014208,Workington,E04002439,,E99999999,North West,Cumbria Teaching,North West,England,Allerdale 009E,E01019121,Allerdale 009,E02003973,NHS North East and North Cumbria,E38000215
200453888.0,way,51.0515255,0.1574026,Crowborough War Memorial Hospital,Unknown,no,hospital,TN6 1HB,TN6,0.157459,51.051445,Sussex Weald,Sussex Weald,E14001533,E14001533,Wealden,E07000065,Crowborough Central,E05011628,Crowborough,E04003835,East Sussex,E10000011,South East Coast,East Sussex Downs and Weald,South East,England,Wealden 004D,E01021162,Wealden 004,E02004406,NHS Sussex,E38000235
203141054.0,way,53.3603617,-1.4937724,Nether Edge Hospital,Unknown,Unknown,hospital,S11 9EQ,S11,-1.494704,53.360194,Sheffield Central,Sheffield Central,E14001467,E14001467,Sheffield,E08000019,Nether Edge and Sharrow,E05010875,"Sheffield, unparished area",E43000173,,E99999999,Yorkshire and the Humber,Sheffield,Yorkshire and The Humber,England,Sheffield 050F,E01008052,Sheffield 050,E02001660,NHS South Yorkshire,E38000146
206381728.0,way,51.3249147,-2.2100987,Trowbridge Community Hospital,NHS,Unknown,hospital,BA14 8PH,BA14,-2.209882,51.325295,South West Wiltshire,South West Wiltshire,E14001498,E14001498,Wiltshire,E06000054,Trowbridge Adcroft,E05013477,Trowbridge,E04013047,,E99999999,South West,Wiltshire,South West,England,Wiltshire 031B,E01032086,Wiltshire 031,E02006684,"NHS Bath and North East Somerset, Swindon and Wiltshire",E38000231
206900884.0,way,50.7174312,-3.5059556,Royal Devon & Exeter Hospital (Wonford),Unknown,yes,hospital,EX2 5AD,EX2,-3.505904,50.718125,Exeter,Exeter,E14001231,E14001231,Exeter,E07000041,Priory,E05011019,"Exeter, unparished area",E43000052,Devon,E10000008,South West,Devon,South West,England,Exeter 013C,E01020013,Exeter 013,E02004161,NHS Devon,E38000230
207542812.0,way,51.2879438,0.1954915,Sevenoaks Hospital,Unknown,no,Unknown,TN13 3PH,TN13,0.195742,51.287842,Sevenoaks,Sevenoaks,E14001465,E14001465,Sevenoaks,E07000111,Sevenoaks Eastern,E05005026,Sevenoaks,E04005004,Kent,E10000016,South East Coast,West Kent,South East,England,Sevenoaks 010B,E01024460,Sevenoaks 010,E02005096,NHS Kent and Medway,E38000237
208046010.0,way,55.8666562,-4.2972819,West Glasgow Ambulatory Care Hospital,Unknown,no,hospital,G3 8SJ,G3,-4.296804,55.866678,Glasgow North,Glasgow North,S14000085,S14000085,Glasgow City,S12000049,Anderston/City/Yorkhill,S13002976,,S99999999,,S99999999,Greater Glasgow and Clyde,Glasgow City Community Health Partnership,,Scotland,Finnieston and Kelvinhaugh - 03,S01010284,Finnieston and Kelvinhaugh,S02001936,Glasgow City Community Health & Care Partnership,S03000043
208375908.0,way,51.1110043,-2.4568141,Sexey's Hospital,Unknown,Unknown,hospital,BA10 0AS,BA10,-2.456624,51.11098,Glastonbury and Somerton,Glastonbury and Somerton,E14001247,E14001247,Somerset,E06000066,Wincanton & Bruton,E05014389,Bruton,E04008670,,E99999999,South West,Somerset,South West,England,South Somerset 001A,E01029157,South Somerset 001,E02006075,NHS Somerset,E38000150
208911901.0,way,51.0325515,-1.7631884,New Hall Hospital,Unknown,no,hospital,SP5 4EW,SP5,-1.763438,51.03273,Salisbury,Salisbury,E14001460,E14001460,Wiltshire,E06000054,Downton & Ebble Valley,E05013432,Odstock,E04011790,,E99999999,South West,Wiltshire,South West,England,Wiltshire 057A,E01032000,Wiltshire 057,E02006672,"NHS Bath and North East Somerset, Swindon and Wiltshire",E38000231
210616556.0,way,51.8962241,-1.1582123,Bicester Community Hospital,Unknown,Unknown,hospital,OX26 6HT,OX26,-1.158078,51.896191,Bicester and Woodstock,Bicester and Woodstock,E14001090,E14001090,Cherwell,E07000177,Bicester South and Ambrosden,E05012968,Bicester,E04013332,Oxfordshire,E10000025,South Central,Oxfordshire,South East,England,Cherwell 015D,E01028468,Cherwell 015,E02005935,"NHS Buckinghamshire, Oxfordshire and Berkshire West",E38000136
213497960.0,way,51.1314227,0.277915,Tunbridge Wells Nuffield Hospital,Unknown,yes,hospital,TN2 4UL,TN2,0.278039,51.131519,Tunbridge Wells,Tunbridge Wells,E14001555,E14001555,Tunbridge Wells,E07000116,Park,E05015810,"Tunbridge Wells, unparished area",E43000092,Kent,E10000016,South East Coast,West Kent,South East,England,Tunbridge Wells 009A,E01024821,Tunbridge Wells 009,E02005170,NHS Kent and Medway,E38000237
217363465.0,way,51.6892759,-2.3548083,Vale Community Hospital,Gloucestershire Care Services NHS Trust,Unknown,hospital,GL11 4GN,GL11,-2.354858,51.690162,Stroud,Stroud,E14001529,E14001529,Stroud,E07000082,Cam East,E05010972,Cam,E04004343,Gloucestershire,E10000013,South West,Gloucestershire,South West,England,Stroud 011B,E01022360,Stroud 011,E02004661,NHS Gloucestershire,E38000062
218436943.0,way,53.0473285,-3.0089869,Wrexham Maelor Hospital,NHS,yes,hospital,LL13 7TZ,LL13,-3.007857,53.047604,Wrexham,Wrexham,W07000111,W07000111,Wrexham,W06000006,Brynyffynnon,W05001720,Offa,W04000237,,W99999999,Betsi Cadwaladr University Health Board,Betsi Cadwaladr University Health Board,,Wales,Wrexham 011B,W01000350,Wrexham 011,W02000088,Betsi Cadwaladr University,W11000023
218722382.0,way,52.2803746,-1.9128333,Alexandra Hospital,Unknown,Unknown,hospital,B98 7UB,B98,-1.912127,52.279774,Redditch,Redditch,E14001441,E14001441,Redditch,E07000236,Matchborough & Woodrow,E05015620,"Redditch, unparished area",E43000152,Worcestershire,E10000034,West Midlands,Worcestershire,West Midlands,England,Redditch 009A,E01032253,Redditch 009,E02006729,NHS Herefordshire and Worcestershire,E38000236
219875199.0,way,55.6225558,-3.5203916,Kello Hospital,NHS Scotland,Unknown,hospital,ML12 6AF,ML12,-3.520438,55.622533,"Dumfriesshire, Clydesdale and Tweeddale","Dumfriesshire, Clydesdale and Tweeddale",S14000074,S14000074,South Lanarkshire,S12000029,Clydesdale East,S13003097,,S99999999,,S99999999,Lanarkshire,South Lanarkshire Community Health Partnership,,Scotland,"Biggar, Symington, Thankerton and Dolphinton - 03",S01012576,"Biggar, Symington, Thankerton and Dolphinton",S02002355,South Lanarkshire Community Health Partnership,S03000030
220713531.0,way,51.5951527,-1.1276951,Wallingford Community Hospital,Unknown,no,hospital,OX10 9DU,OX10,-1.128273,51.594677,Didcot and Wantage,Didcot and Wantage,E14001197,E14001197,South Oxfordshire,E07000179,Wallingford,E05011710,Wallingford,E04012496,Oxfordshire,E10000025,South Central,Oxfordshire,South East,England,South Oxfordshire 012B,E01028617,South Oxfordshire 012,E02005969,"NHS Buckinghamshire, Oxfordshire and Berkshire West",E38000136
223267198.0,way,55.8608603,-4.165615,Lightburn Hospital,Unknown,no,Unknown,G32 6QG,G32,-4.164651,55.860249,Glasgow North East,Glasgow North East,S14000086,S14000086,Glasgow City,S12000049,East Centre,S13002984,,S99999999,,S99999999,Greater Glasgow and Clyde,Glasgow City Community Health Partnership,,Scotland,"Cranhill, Lightburn and Queenslie South - 04",S01010159,"Cranhill, Lightburn and Queenslie South",S02001914,Glasgow City Community Health & Care Partnership,S03000043
229200314.0,way,52.2662733,-2.150998,Droitwich Spa Hospital (Private),BMI Healthcare,no,hospital,WR9 8DS,WR9,-2.150981,52.26694,Droitwich and Evesham,Droitwich and Evesham,E14001203,E14001203,Wychavon,E07000238,Droitwich East,E05015448,Droitwich Spa,E04010386,Worcestershire,E10000034,West Midlands,Worcestershire,West Midlands,England,Wychavon 003A,E01032359,Wychavon 003,E02006750,NHS Herefordshire and Worcestershire,E38000236
229426168.0,way,52.9906441,-1.1574913,City Hospital,Nottingham University Hospitals NHS Trust,Unknown,hospital,NG5 1PB,NG5,-1.158424,52.991254,Nottingham East,Nottingham East,E14001410,E14001410,Nottingham,E06000018,Sherwood,E05012288,"Nottingham, unparished area",E43000016,,E99999999,East Midlands,Nottingham City,East Midlands,England,Nottingham 007E,E01013967,Nottingham 007,E02002874,NHS Nottingham and Nottinghamshire,E38000243
229554411.0,way,54.2821821,-0.4360362,Scarborough Hospital,Unknown,yes,Unknown,YO12 6QL,YO12,-0.434753,54.281708,Scarborough and Whitby,Scarborough and Whitby,E14001461,E14001461,North Yorkshire,E06000065,Woodlands,E05014338,"North Yorkshire, unparished area",E43000296,,E99999999,Yorkshire and the Humber,North Yorkshire and York,Yorkshire and The Humber,England,Scarborough 009F,E01027873,Scarborough 009,E02005803,NHS Humber and North Yorkshire,E38000241
230272445.0,way,51.3280016,0.5264948,Spire Alexandra Hospital,Spire Healthcare Group PLC,no,hospital,ME5 9PG,ME5,0.526527,51.327936,Faversham and Mid Kent,Faversham and Mid Kent,E14001235,E14001235,Maidstone,E07000110,Boxley Downs,E05015597,Boxley,E04004946,Kent,E10000016,South East Coast,West Kent,South East,England,Maidstone 001B,E01024334,Maidstone 001,E02005068,NHS Kent and Medway,E38000237
230454168.0,way,55.072073,-6.5058616,Robinson Hospital,Unknown,Unknown,hospital,BT53 6HH,BT53,-6.506011,55.072411,North Antrim,North Antrim,N05000012,N05000012,Causeway Coast and Glens,N09000004,Ballymoney East,N08000406,,N99999999,,N99999999,Health & Social Care Board,Northern,,Northern Ireland,Carnany,95EE03W1,,N99999999,Northern,ZC020
231676323.0,way,51.8079439,0.1364756,Rivers Hospital,Unknown,Unknown,hospital,CM21 0AB,CM21,0.137076,51.807498,Hertford and Stortford,Hertford and Stortford,E14001283,E14001283,East Hertfordshire,E07000242,Sawbridgeworth,E05015373,Sawbridgeworth,E04004746,Hertfordshire,E10000015,East of England,Hertfordshire,East of England,England,East Hertfordshire 011B,E01023500,East Hertfordshire 011,E02004888,NHS Hertfordshire and West Essex,E38000049
232220089.0,way,53.0008395,-2.2101784,Harplands Hospital,Unknown,no,hospital,ST4 6RR,ST4,-2.210831,53.00054,Stoke-on-Trent Central,Stoke-on-Trent Central,E14001520,E14001520,Stoke-on-Trent,E06000021,Penkhull & Springfields,E05014585,"Stoke-on-Trent, unparished area",E43000017,,E99999999,West Midlands,Stoke on Trent,West Midlands,England,Stoke-on-Trent 018F,E01014294,Stoke-on-Trent 018,E02002968,NHS Staffordshire and Stoke-on-Trent,E38000175
236082768.0,way,50.7298007,-1.8699644,Nuffield Health Bournemouth Hospital,Unknown,Unknown,hospital,BH1 1RW,BH1,-1.869786,50.729739,Bournemouth West,Bournemouth West,E14001116,E14001116,"Bournemouth, Christchurch and Poole",E06000058,Bournemouth Central,E05012653,"Bournemouth, Christchurch and Poole, unparished area",E43000261,,E99999999,South West,Bournemouth and Poole Teaching,South West,England,Bournemouth 017D,E01015287,Bournemouth 017,E02003188,NHS Dorset,E38000045
239328817.0,way,50.8412264,-0.1921017,Nevill Hospital,Unknown,Unknown,hospital,BN3 7JW,BN3,-0.192185,50.841566,Hove and Portslade,Hove and Portslade,E14001296,E14001296,Brighton and Hove,E06000043,Hangleton & Knoll,E05015402,"Brighton and Hove, unparished area",E43000034,,E99999999,South East Coast,Brighton and Hove City,South East,England,Brighton and Hove 013A,E01016879,Brighton and Hove 013,E02003503,NHS Sussex,E38000021
239778673.0,way,53.4178345,-2.0829763,Park Lodge Independent Hospital,Unknown,no,hospital,SK6 4NJ,SK6,-2.082141,53.417251,Hazel Grove,Hazel Grove,E14001277,E14001277,Stockport,E08000007,Bredbury Green & Romiley,E05015017,"Stockport, unparished area",E43000161,,E99999999,North West,Stockport,North West,England,Stockport 010E,E01005904,Stockport 010,E02001196,NHS Greater Manchester,E38000174
242400767.0,way,51.7715335,0.0858415,Princess Alexandra Hospital,Unknown,yes,hospital,CM20 1BU,CM20,0.085484,51.771535,Harlow,Harlow,E14001267,E14001267,Harlow,E07000073,Little Parndon & Town Centre,E05015685,"Harlow, unparished area",E43000064,Essex,E10000012,East of England,West Essex,East of England,England,Harlow 004E,E01021843,Harlow 004,E02004547,NHS Hertfordshire and West Essex,E38000197
243309854.0,way,53.0390083,-2.2388415,Bradwell Hospital,Unknown,Unknown,hospital,ST5 7NJ,ST5,-2.239118,53.039004,Newcastle-under-Lyme,Newcastle-under-Lyme,E14001380,E14001380,Newcastle-under-Lyme,E07000195,Bradwell,E05011416,"Newcastle-under-Lyme, unparished area",E43000131,Staffordshire,E10000028,West Midlands,North Staffordshire,West Midlands,England,Newcastle-under-Lyme 006C,E01029539,Newcastle-under-Lyme 006,E02006163,NHS Staffordshire and Stoke-on-Trent,E38000126
252141063.0,way,55.5429877,-5.1156523,Arran War Memorial Hospital,NHS Ayrshire & Arran,yes,hospital,KA27 8LF,KA27,-5.115521,55.54312,North Ayrshire and Arran,North Ayrshire and Arran,S14000048,S14000048,North Ayrshire,S12000021,Arran,S13003146,,S99999999,,S99999999,Ayrshire and Arran,North Ayrshire Community Health Partnership,,Scotland,Arran - 06,S01011176,Arran,S02002097,North Ayrshire Community Health Partnership,S03000002
254342479.0,way,55.4236746,-2.7944796,Hawick Community Hospital,Unknown,Unknown,hospital,TD9 7HN,TD9,-2.795929,55.423854,"Berwickshire, Roxburgh and Selkirk","Berwickshire, Roxburgh and Selkirk",S14000108,S14000108,Scottish Borders,S12000026,Hawick and Denholm,S13002770,,S99999999,,S99999999,Borders,Scottish Borders Community Health and Care Partnership,,Scotland,Hawick West End - Wilton Dean,S01012368,Hawick West End,S02002318,Scottish Borders Community Health & Care Partnership,S03000004
255387795.0,way,53.0335482,-2.1877948,St Augustines Hospital,Unknown,no,hospital,ST1 5JY,ST1,-2.187819,53.033434,Stoke-on-Trent North,Stoke-on-Trent North,E14001521,E14001521,Stoke-on-Trent,E06000021,Etruria & Hanley,E05014567,"Stoke-on-Trent, unparished area",E43000017,,E99999999,West Midlands,Stoke on Trent,West Midlands,England,Stoke-on-Trent 011C,E01014254,Stoke-on-Trent 011,E02002961,NHS Staffordshire and Stoke-on-Trent,E38000175
255597843.0,way,53.0077007,-2.20518,North Staffordshire Hospital,Unknown,Unknown,hospital,ST4 7PX,ST4,-2.205768,53.007479,Stoke-on-Trent Central,Stoke-on-Trent Central,E14001520,E14001520,Stoke-on-Trent,E06000021,Penkhull & Springfields,E05014585,"Stoke-on-Trent, unparished area",E43000017,,E99999999,West Midlands,Stoke on Trent,West Midlands,England,Stoke-on-Trent 018B,E01014289,Stoke-on-Trent 018,E02002968,NHS Staffordshire and Stoke-on-Trent,E38000175
256183682.0,way,56.4797657,-5.7157478,Mull and Iona Community Hospital,Unknown,yes,hospital,PA65 6BH,PA65,-5.715869,56.479437,"Argyll, Bute and South Lochaber","Argyll, Bute and South Lochaber",S14000067,S14000067,Argyll and Bute,S12000035,Oban South and the Isles,S13002519,,S99999999,,S99999999,Highland,Argyll and Bute Community Health Partnership,,Scotland,"Mull, Iona, Coll and Tiree - 05",S01007288,"Mull, Iona, Coll and Tiree",S02001370,Argyll & Bute Community Health Partnership,S03000025
256200358.0,way,53.1130599,-3.3033626,Ruthin Community Hospital,NHS,no,hospital,LL15 1PS,LL15,-3.302813,53.113016,Clwyd East,Clwyd East,W07000094,W07000094,Denbighshire,W06000004,Ruthin,W05001356,Ruthin,W04000174,,W99999999,Betsi Cadwaladr University Health Board,Betsi Cadwaladr University Health Board,,Wales,Denbighshire 014C,W01000244,Denbighshire 014,W02000055,Betsi Cadwaladr University,W11000023
256248056.0,way,51.1405633,-2.9740809,Bridgwater Community Hospital,NHS,Unknown,hospital,TA6 4GU,TA6,-2.974132,51.140557,Bridgwater,Bridgwater,E14001126,E14001126,Somerset,E06000066,Bridgwater East & Bawdrip,E05014343,Bridgwater Without,E04008609,,E99999999,South West,Somerset,South West,England,Sedgemoor 010A,E01029090,Sedgemoor 010,E02006070,NHS Somerset,E38000150
257604634.0,way,49.9130111,-6.3094544,Saint Mary's Hospital,Unknown,Unknown,hospital,TR21 0LE,TR21,-6.309288,49.913052,St Ives,St Ives,E14001511,E14001511,Isles of Scilly,E06000053,St Mary's,E05011093,St Mary's,E04012732,,E99999999,South West,Cornwall and Isles of Scilly,South West,England,Isles of Scilly 001A,E01019077,Isles of Scilly 001,E02006781,NHS Cornwall and the Isles of Scilly,E38000089
259213448.0,way,52.5998016,-2.0952604,New Cross Hospital,Unknown,yes,hospital,WV10 0QP,WV10,-2.095555,52.599722,Wolverhampton North East,Wolverhampton North East,E14001594,E14001594,Wolverhampton,E08000031,Heath Town,E05014848,"Wolverhampton, unparished area",E43000185,,E99999999,West Midlands,Wolverhampton City,West Midlands,England,Wolverhampton 015E,E01010476,Wolverhampton 015,E02002163,NHS Black Country,E38000259
260197319.0,way,52.9987486,-3.031567,New Hall Hospital,Unknown,Unknown,hospital,LL14 6HB,LL14,-3.031278,52.998267,Montgomeryshire and Glyndwr,Montgomeryshire and Glyndwr,W07000102,W07000102,Wrexham,W06000006,Ruabon,W05001757,Ruabon,W04000243,,W99999999,Betsi Cadwaladr University Health Board,Betsi Cadwaladr University Health Board,,Wales,Wrexham 016D,W01000419,Wrexham 016,W02000093,Betsi Cadwaladr University,W11000023
260889252.0,way,53.0502929,-1.1431495,The Park Hospital,BMI Healthcare,no,hospital,NG5 8RX,NG5,-1.142886,53.050094,Sherwood Forest,Sherwood Forest,E14001471,E14001471,Gedling,E07000173,Calverton,E05009690,"Gedling, unparished area",E43000125,Nottinghamshire,E10000024,East Midlands,Nottinghamshire County Teaching,East Midlands,England,Gedling 001A,E01028189,Gedling 001,E02005865,NHS Nottingham and Nottinghamshire,E38000243
261121365.0,way,56.1865595,-3.0570042,Cameron Hospital,NHS Fife,no,hospital,KY8 5RR,KY8,-3.057933,56.186429,North East Fife,North East Fife,S14000100,S14000100,Fife,S12000047,"Leven, Kennoway and Largo",S13002965,,S99999999,,S99999999,Fife,Kirkcaldy and Levenmouth Community Health Partnership,,Scotland,Windygates East,S01009616,Windygates and Coaltown,S02001812,Kirkcaldy & Levenmouth Community Health Partnership,S03000008
262214198.0,way,51.2067143,-2.1812905,Warminster Community Hospital,Unknown,no,hospital,BA12 8QS,BA12,-2.181715,51.206704,South West Wiltshire,South West Wiltshire,E14001498,E14001498,Wiltshire,E06000054,Warminster East,E05013486,Warminster,E04012702,,E99999999,South West,Wiltshire,South West,England,Wiltshire 044A,E01032103,Wiltshire 044,E02006694,"NHS Bath and North East Somerset, Swindon and Wiltshire",E38000231
262234703.0,way,52.4532149,1.5617691,Beccles and District War Memorial Hospital,NHS,Unknown,hospital,NR34 9NJ,NR34,1.561189,52.452871,Lowestoft,Lowestoft,E14001344,E14001344,East Suffolk,E07000244,Beccles & Worlingham,E05012735,Beccles,E04009485,Suffolk,E10000029,East of England,Great Yarmouth and Waveney,East of England,England,Waveney 010B,E01030224,Waveney 010,E02006311,NHS Norfolk and Waveney,E38000239
263135485.0,way,54.9961814,-1.531265,Sir GB Hunter Memorial Hospital,Unknown,Unknown,Unknown,NE28 7NJ,NE28,-1.531658,54.995922,Newcastle upon Tyne East and Wallsend,Newcastle upon Tyne East and Wallsend,E14001378,E14001378,North Tyneside,E08000022,Wallsend Central,E05015881,"North Tyneside, unparished area",E43000176,,E99999999,North East,North Tyneside,North East,England,North Tyneside 029C,E01008574,North Tyneside 029,E02001766,NHS North East and North Cumbria,E38000127
263728199.0,way,53.1672706,-1.4065197,Clay Cross Hospital,Unknown,Unknown,hospital,S45 9NZ,S45,-1.407227,53.167933,North East Derbyshire,North East Derbyshire,E14001391,E14001391,North East Derbyshire,E07000038,Clay Cross North,E05012043,Clay Cross,E04002866,Derbyshire,E10000007,East Midlands,Derbyshire County,East Midlands,England,North East Derbyshire 012A,E01019773,North East Derbyshire 012,E02004116,NHS Derby and Derbyshire,E38000261
266016950.0,way,51.1350888,-0.0021778,Queen Victoria Hospital,NHS,no,hospital,RH19 3DZ,RH19,-0.0029,51.135073,East Grinstead and Uckfield,East Grinstead and Uckfield,E14001212,E14001212,Mid Sussex,E07000228,East Grinstead Ashplats,E05014720,East Grinstead,E04009986,West Sussex,E10000032,South East Coast,West Sussex,South East,England,Mid Sussex 001A,E01031731,Mid Sussex 001,E02006604,NHS Sussex,E38000265
266075005.0,way,51.3319293,-0.561262,Nuffield Health Woking Hospital,Nuffield Health,no,hospital,GU21 4BY,GU21,-0.56138,51.332208,Woking,Woking,E14001592,E14001592,Woking,E07000217,Horsell,E05010800,"Woking, unparished area",E43000144,Surrey,E10000030,South East Coast,Surrey,South East,England,Woking 003B,E01030964,Woking 003,E02006458,NHS Surrey Heartlands,E38000264
267813104.0,way,53.552241,-2.1238482,The Royal Oldham Hospital,Unknown,yes,hospital,OL1 2BA,OL1,-2.124651,53.552346,"Oldham West, Chadderton and Royton","Oldham West, Chadderton and Royton",E14001416,E14001416,Oldham,E08000004,Coldhurst,E05014650,"Oldham, unparished area",E43000158,,E99999999,North West,Oldham,North West,England,Oldham 016E,E01005354,Oldham 016,E02001113,NHS Greater Manchester,E38000135
269492311.0,way,52.5190104,-2.0730254,Guest Hospital,Unknown,no,hospital,DY1 4SE,DY1,-2.072487,52.51898,Dudley,Dudley,E14001204,E14001204,Dudley,E08000027,Castle & Priory,E05015907,"Dudley, unparished area",E43000181,,E99999999,West Midlands,Dudley,West Midlands,England,Dudley 006C,E01009757,Dudley 006,E02002005,NHS Black Country,E38000259
270068099.0,way,52.373655,-2.7144022,Ludlow Hospital,NHS,Unknown,hospital,SY8 1QX,SY8,-2.714271,52.373684,South Shropshire,South Shropshire,E14001493,E14001493,Shropshire,E06000051,Ludlow North,E05008167,Ludlow,E04011309,,E99999999,West Midlands,Shropshire County,West Midlands,England,Shropshire 038E,E01029010,Shropshire 038,E02006045,"NHS Shropshire, Telford and Wrekin",E38000257
270979685.0,way,50.6055016,-1.9612562,Swanage Hospital,Unknown,Unknown,hospital,BH19 2ES,BH19,-1.961213,50.60551,South Dorset,South Dorset,E14001485,E14001485,Dorset,E06000059,Swanage,E05012722,Swanage,E04003483,,E99999999,South West,Dorset,South West,England,Purbeck 006E,E01020482,Purbeck 006,E02004268,NHS Dorset,E38000045
277432734.0,way,51.4684333,-0.093654,King's College Hospital,King's College Hospital NHS Foundation Trust,yes,hospital,SE5 9PJ,SE5,-0.093912,51.468158,Dulwich and West Norwood,Dulwich and West Norwood,E14001205,E14001205,Lambeth,E09000022,Herne Hill & Loughborough Junction,E05014104,"Lambeth, unparished area",E43000212,,E99999999,London,Lambeth,London,England,Lambeth 014C,E01003076,Lambeth 014,E02000631,NHS South East London,E38000244
280443526.0,way,52.5616106,-1.3690568,Hinckley & Market Bosworth Community Hospital,Unknown,no,hospital,LE10 3FR,LE10,-1.370037,52.561022,Hinckley and Bosworth,Hinckley and Bosworth,E14001288,E14001288,Hinckley and Bosworth,E07000132,Hinckley De Montfort,E05005489,"Hinckley and Bosworth, unparished area",E43000105,Leicestershire,E10000018,East Midlands,Leicestershire County and Rutland,East Midlands,England,Hinckley and Bosworth 009B,E01025860,Hinckley and Bosworth 009,E02005385,"NHS Leicester, Leicestershire and Rutland",E38000201
282215458.0,way,52.5400042,-1.3680918,Hinckley Hospital,Unknown,Unknown,hospital,LE10 1AG,LE10,-1.368258,52.539751,Hinckley and Bosworth,Hinckley and Bosworth,E14001288,E14001288,Hinckley and Bosworth,E07000132,Hinckley Castle,E05005487,"Hinckley and Bosworth, unparished area",E43000105,Leicestershire,E10000018,East Midlands,Leicestershire County and Rutland,East Midlands,England,Hinckley and Bosworth 010B,E01025852,Hinckley and Bosworth 010,E02005386,"NHS Leicester, Leicestershire and Rutland",E38000201
283959565.0,way,55.908624,-3.1542503,Liberton Hospital,Unknown,Unknown,hospital,EH16 6UB,EH16,-3.154072,55.908948,Edinburgh South,Edinburgh South,S14000080,S14000080,City of Edinburgh,S12000036,Liberton/Gilmerton,S13002934,,S99999999,,S99999999,Lothian,Edinburgh Community Health Partnership,,Scotland,Liberton East - 03,S01008575,Liberton East,S02001606,Edinburgh Community Health Partnership,S03000042
285018126.0,way,51.2952365,-0.3200195,Leatherhead Community Hospital,Unknown,Unknown,hospital,KT22 8SD,KT22,-0.320287,51.295052,Epsom and Ewell,Epsom and Ewell,E14001227,E14001227,Mole Valley,E07000210,Leatherhead South,E05015352,"Mole Valley, unparished area",E43000139,Surrey,E10000030,South East Coast,Surrey,South East,England,Mole Valley 004C,E01030553,Mole Valley 004,E02006365,NHS Surrey Heartlands,E38000264
288391499.0,way,51.742314,-2.2085726,Stroud Maternity Hospital,Unknown,Unknown,hospital,GL5 2JB,GL5,-2.208857,51.742293,Stroud,Stroud,E14001529,E14001529,Stroud,E07000082,Stroud Trinity,E05013197,Stroud,E04013012,Gloucestershire,E10000013,South West,Gloucestershire,South West,England,Stroud 006C,E01022410,Stroud 006,E02004656,NHS Gloucestershire,E38000062
289707828.0,way,51.325154,-0.2731301,Epsom General Hospital,Unknown,yes,hospital,KT18 7EG,KT18,-0.273231,51.325518,Epsom and Ewell,Epsom and Ewell,E14001227,E14001227,Epsom and Ewell,E07000208,Woodcote & Langley Vale,E05015106,"Epsom and Ewell, unparished area",E43000137,Surrey,E10000030,South East Coast,Surrey,South East,England,Epsom and Ewell 008D,E01030419,Epsom and Ewell 008,E02006342,NHS Surrey Heartlands,E38000264
293283693.0,way,54.6662752,-3.358421,Cockermouth Community Hospital,Unknown,no,hospital,CA13 9GW,CA13,-3.358657,54.666759,Penrith and Solway,Penrith and Solway,E14001424,E14001424,Cumberland,E06000063,Cockermouth North,E05014181,Cockermouth,E04002401,,E99999999,North West,Cumbria Teaching,North West,England,Allerdale 007B,E01019079,Allerdale 007,E02003971,NHS North East and North Cumbria,E38000215
295305353.0,way,53.3261347,-3.4806508,Royal Alexandra Hospital,NHS,no,hospital,LL18 3AS,LL18,-3.480667,53.326634,Clwyd North,Clwyd North,W07000095,W07000095,Denbighshire,W06000004,Rhyl East,W05001350,Rhyl,W04000173,,W99999999,Betsi Cadwaladr University Health Board,Betsi Cadwaladr University Health Board,,Wales,Denbighshire 004B,W01000227,Denbighshire 004,W02000045,Betsi Cadwaladr University,W11000023
299506598.0,way,53.0570662,-2.19123,Haywood Hospital,Unknown,Unknown,hospital,ST6 7AG,ST6,-2.191413,53.056944,Stoke-on-Trent North,Stoke-on-Trent North,E14001521,E14001521,Stoke-on-Trent,E06000021,Little Chell & Stanfield,E05014578,"Stoke-on-Trent, unparished area",E43000017,,E99999999,West Midlands,Stoke on Trent,West Midlands,England,Stoke-on-Trent 006C,E01014243,Stoke-on-Trent 006,E02002956,NHS Staffordshire and Stoke-on-Trent,E38000175
301153857.0,way,53.5787123,-1.7844971,Holme Valley Memorial Hospital,Unknown,no,hospital,HD9 3TS,HD9,-1.784425,53.578715,Colne Valley,Colne Valley,E14001177,E14001177,Kirklees,E08000034,Holme Valley South,E05001405,Holme Valley,E04012085,,E99999999,Yorkshire and the Humber,Kirklees,Yorkshire and The Humber,England,Kirklees 058C,E01011186,Kirklees 058,E02002328,NHS West Yorkshire,E38000254
301368198.0,way,53.4115429,-2.8978912,Broadgreen Hospital,Unknown,Unknown,hospital,L14 3LB,L14,-2.897989,53.411151,Liverpool West Derby,Liverpool West Derby,E14001341,E14001341,Liverpool,E08000012,Broadgreen,E05015282,"Liverpool, unparished area",E43000166,,E99999999,North West,Liverpool,North West,England,Liverpool 026A,E01006567,Liverpool 026,E02001372,NHS Cheshire and Merseyside,E38000101
304425218.0,way,53.5002484,-1.2854786,Montagu Hospital,Unknown,Unknown,hospital,S64 0AZ,S64,-1.284946,53.499814,Doncaster North,Doncaster North,E14001200,E14001200,Doncaster,E08000017,Mexborough,E05010739,"Doncaster, unparished area",E43000171,,E99999999,Yorkshire and the Humber,Doncaster,Yorkshire and The Humber,England,Doncaster 031B,E01007572,Doncaster 031,E02001569,NHS South Yorkshire,E38000044
305530414.0,way,51.4688567,-2.5163769,Cossham Hospital,Unknown,Unknown,Unknown,BS15 1LF,BS15,-2.51612,51.468887,Bristol North East,Bristol North East,E14001133,E14001133,"Bristol, City of",E06000023,Hillfields,E05010903,"Bristol, City of, unparished area",E43000019,,E99999999,South West,Bristol,South West,England,Bristol 018A,E01014624,Bristol 018,E02003029,"NHS Bristol, North Somerset and South Gloucestershire",E38000222
305739164.0,way,52.6622491,-3.1435942,Victoria Memorial Hospital,Unknown,no,hospital,SY21 7DU,SY21,-3.143424,52.661734,Montgomeryshire and Glyndwr,Montgomeryshire and Glyndwr,W07000102,W07000102,Powys,W06000023,Welshpool Llanerchyddol,W05001174,Welshpool,W04000352,,W99999999,Powys Teaching Health Board,Powys Teaching Health Board,,Wales,Powys 003D,W01000501,Powys 003,W02000099,Powys Teaching,W11000024
305835565.0,way,51.3672204,-2.1315435,Melksham Hospital,Unknown,Unknown,hospital,SN12 7NZ,SN12,-2.131543,51.367131,Melksham and Devizes,Melksham and Devizes,E14001356,E14001356,Wiltshire,E06000054,Melksham South,E05013447,Melksham,E04013041,,E99999999,South West,Wiltshire,South West,England,Wiltshire 022E,E01032069,Wiltshire 022,E02006680,"NHS Bath and North East Somerset, Swindon and Wiltshire",E38000231
307431430.0,way,53.607988,-1.3800096,Holgate Hospital,Unknown,Unknown,hospital,WF9 4PW,WF9,-1.379545,53.608168,Normanton and Hemsworth,Normanton and Hemsworth,E14001383,E14001383,Wakefield,E08000036,Hemsworth,E05001450,South Hiendley,E04000243,,E99999999,Yorkshire and the Humber,Wakefield District,Yorkshire and The Humber,England,Wakefield 040C,E01011784,Wakefield 040,E02002477,NHS West Yorkshire,E38000190
308327216.0,way,50.1219092,-5.5429355,West Cornwall Hospital (Penzance),Unknown,Unknown,hospital,TR18 2PF,TR18,-5.542976,50.122056,St Ives,St Ives,E14001511,E14001511,Cornwall,E06000052,Penzance Promenade,E05013321,Penzance,E04011505,,E99999999,South West,Cornwall and Isles of Scilly,South West,England,Cornwall 068A,E01018995,Cornwall 068,E02003949,NHS Cornwall and the Isles of Scilly,E38000089
309407064.0,way,54.9696672,-2.0940875,Hexham General Hospital,Unknown,yes,hospital,NE46 1DP,NE46,-2.095222,54.969063,Hexham,Hexham,E14001285,E14001285,Northumberland,E06000057,Hexham East,E05009124,Hexham,E04010804,,E99999999,North East,Northumberland,North East,England,Northumberland 035F,E01027493,Northumberland 035,E02005730,NHS North East and North Cumbria,E38000130
309714676.0,way,53.2644995,-3.4571802,Plas Coch Independant Hospital,Unknown,Unknown,Unknown,LL17 0HU,LL17,-3.457559,53.264494,Clwyd North,Clwyd North,W07000095,W07000095,Denbighshire,W06000004,St Asaph West,W05001358,St. Asaph,W04000175,,W99999999,Betsi Cadwaladr University Health Board,Betsi Cadwaladr University Health Board,,Wales,Denbighshire 010B,W01000246,Denbighshire 010,W02000051,Betsi Cadwaladr University,W11000023
310643760.0,way,50.7920325,-3.6738964,Crediton Hospital (No A & E),Unknown,Unknown,hospital,EX17 3RD,EX17,-3.67416,50.792129,Central Devon,Central Devon,E14001155,E14001155,Mid Devon,E07000042,Crediton Lawrence,E05014801,Crediton,E04003021,Devon,E10000008,South West,Devon,South West,England,Mid Devon 011D,E01020061,Mid Devon 011,E02004174,NHS Devon,E38000230
314236165.0,way,50.7420061,-3.9974549,Okehampton Community Hospital,Unknown,Unknown,hospital,EX20 1PN,EX20,-3.997201,50.741913,Central Devon,Central Devon,E14001155,E14001155,West Devon,E07000047,Okehampton North,E05010561,Okehampton,E04003342,Devon,E10000008,South West,Devon,South West,England,West Devon 002A,E01020327,West Devon 002,E02004230,NHS Devon,E38000230
321333833.0,way,56.0113377,-3.6136519,Bo'ness Hospital,NHS Forth Valley,no,hospital,EH51 0DH,EH51,-3.614266,56.011576,Bathgate and Linlithgow,Bathgate and Linlithgow,S14000068,S14000068,Falkirk,S12000014,Bo'ness and Blackness,S13002936,,S99999999,,S99999999,Forth Valley,Falkirk Community Health Partnership,,Scotland,Bo'ness - Kinneil - 05,S01009257,Bo'ness - Kinneil,S02001736,Falkirk Community Health Partnership,S03000010
321657567.0,way,54.2084784,-3.2682391,Millom Community Hospital,Unknown,no,Unknown,LA18 4LE,LA18,-3.267739,54.20825,Barrow and Furness,Barrow and Furness,E14001076,E14001076,Cumberland,E06000063,Millom,E05014202,Millom,E04010480,,E99999999,North West,Cumbria Teaching,North West,England,Copeland 008G,E01019299,Copeland 008,E02004007,NHS Lancashire and South Cumbria,E38000228
323634415.0,way,54.587348,-5.9443858,Belfast City Hospital,Belfast Health and Social Care Trust (BHSCT) - NHS,yes,hospital,BT9 7TS,BT9,-5.943921,54.587216,Belfast South and Mid Down,Belfast South and Mid Down,N05000003,N05000003,Belfast,N09000003,Blackstaff,N08000312,,N99999999,,N99999999,Health & Social Care Board,Belfast,,Northern Ireland,Shaftesbury 3,95GG39S3,,N99999999,Belfast,ZC010
327278299.0,way,54.8306289,-3.1714171,Wigton Hospital,Unknown,Unknown,Unknown,CA7 9DD,CA7,-3.171342,54.830448,Penrith and Solway,Penrith and Solway,E14001424,E14001424,Cumberland,E06000063,Wigton,E05014215,Wigton,E04002436,,E99999999,North West,Cumbria Teaching,North West,England,Allerdale 001E,E01019135,Allerdale 001,E02003965,NHS North East and North Cumbria,E38000215
328159030.0,way,53.2678402,-2.9110457,Ellesmere Port Hospital,Unknown,no,hospital,CH65 6SG,CH65,-2.91104,53.267777,Ellesmere Port and Bromborough,Ellesmere Port and Bromborough,E14001222,E14001222,Cheshire West and Chester,E06000050,Whitby Park,E05012246,"Cheshire West and Chester, unparished area",E43000272,,E99999999,North West,Western Cheshire,North West,England,Cheshire West and Chester 010D,E01018540,Cheshire West and Chester 010,E02003848,NHS Cheshire and Merseyside,E38000233
329848891.0,way,51.6626623,-0.6215809,Amersham Hospital,Unknown,no,hospital,HP7 0JD,HP7,-0.621408,51.663005,Chesham and Amersham,Chesham and Amersham,E14001162,E14001162,Buckinghamshire,E06000060,Penn Wood and Old Amersham,E05013154,Amersham,E04001563,,E99999999,South Central,Buckinghamshire,South East,England,Chiltern 007D,E01017745,Chiltern 007,E02003682,"NHS Buckinghamshire, Oxfordshire and Berkshire West",E38000223
332654031.0,way,52.7408487,-3.8815198,Dolgellau and Barmouth Hospital,NHS,no,hospital,LL40 1NT,LL40,-3.88177,52.740736,Dwyfor Meirionnydd,Dwyfor Meirionnydd,W07000096,W07000096,Gwynedd,W06000002,De Dolgellau,W05001524,Dolgellau,W04000061,,W99999999,Betsi Cadwaladr University Health Board,Betsi Cadwaladr University Health Board,,Wales,Gwynedd 016E,W01000068,Gwynedd 016,W02000025,Betsi Cadwaladr University,W11000023
332916781.0,way,50.687054,-2.1171032,Wareham Hospital,Unknown,Unknown,hospital,BH20 4QQ,BH20,-2.116747,50.686986,Mid Dorset and North Poole,Mid Dorset and North Poole,E14001363,E14001363,Dorset,E06000059,Wareham,E05012725,Wareham Town,E04012327,,E99999999,South West,Dorset,South West,England,Purbeck 003D,E01020486,Purbeck 003,E02004265,NHS Dorset,E38000045
333802437.0,way,51.038548,-3.1810977,Dene Barton Community Hospital,Somerset NHS Foundation Trust,Unknown,hospital,TA4 1DE,TA4,-3.181831,51.038354,Tiverton and Minehead,Tiverton and Minehead,E14001548,E14001548,Somerset,E06000066,Lydeard,E05014368,Cotford St Luke,E04012126,,E99999999,South West,Somerset,South West,England,Taunton Deane 001C,E01029260,Taunton Deane 001,E02006099,NHS Somerset,E38000150
337803920.0,way,51.6353758,-2.1545953,Tetbury Hospital,Unknown,Unknown,hospital,GL8 8XB,GL8,-2.154744,51.635175,South Cotswolds,South Cotswolds,E14001482,E14001482,Cotswold,E07000079,Tetbury East & Rural,E05010721,Long Newnton,E04004244,Gloucestershire,E10000013,South West,Gloucestershire,South West,England,Cotswold 011A,E01022176,Cotswold 011,E02004625,NHS Gloucestershire,E38000062
338468720.0,way,52.6900919,0.9463421,Dereham Hospital,NHS,no,Unknown,NR19 2EX,NR19,0.945704,52.690016,Mid Norfolk,Mid Norfolk,E14001365,E14001365,Breckland,E07000143,Dereham Neatherd,E05010242,Dereham,E04006108,Norfolk,E10000020,East of England,Norfolk,East of England,England,Breckland 003D,E01026431,Breckland 003,E02005505,NHS Norfolk and Waveney,E38000239
343695512.0,way,54.7481691,-2.0177119,Weardale Community Hospital,Unknown,Unknown,Unknown,DL13 2JR,DL13,-2.018564,54.748007,Bishop Auckland,Bishop Auckland,E14001101,E14001101,County Durham,E06000047,Weardale,E05009088,Stanhope,E04010698,,E99999999,North East,County Durham,North East,England,County Durham 042B,E01020890,County Durham 042,E02004348,NHS North East and North Cumbria,E38000234
344897466.0,way,54.8543825,-5.817609,Moyle Hospital,Unknown,Unknown,hospital,BT40 1RP,BT40,-5.81717,54.854818,East Antrim,East Antrim,N05000005,N05000005,Mid and East Antrim,N09000008,The Maidens,N08000837,,N99999999,,N99999999,Health & Social Care Board,Northern,,Northern Ireland,Town Parks,95QQ15W1,,N99999999,Northern,ZC020
346317732.0,way,53.0680199,-0.8068495,Newark Hospital,Unknown,Unknown,hospital,NG24 4DE,NG24,-0.806161,53.067508,Newark,Newark,E14001375,E14001375,Newark and Sherwood,E07000175,Beacon,E05011553,Newark,E04013148,Nottinghamshire,E10000024,East Midlands,Nottinghamshire County Teaching,East Midlands,England,Newark and Sherwood 009C,E01028333,Newark and Sherwood 009,E02005901,NHS Nottingham and Nottinghamshire,E38000243
350405002.0,way,51.6041046,-1.2595404,Didcot Hospital,Unknown,no,hospital,OX11 0AG,OX11,-1.260127,51.604427,Didcot and Wantage,Didcot and Wantage,E14001197,E14001197,South Oxfordshire,E07000179,Didcot South,E05011703,Didcot,E04012477,Oxfordshire,E10000025,South Central,Oxfordshire,South East,England,South Oxfordshire 010D,E01028624,South Oxfordshire 010,E02005967,"NHS Buckinghamshire, Oxfordshire and Berkshire West",E38000136
351433071.0,way,52.0479689,1.227619,Nuffield Hospital Ipswich,Unknown,Unknown,hospital,IP4 5SY,IP4,1.22832,52.048347,Suffolk Coastal,Suffolk Coastal,E14001530,E14001530,East Suffolk,E07000244,Martlesham & Purdis Farm,E05015549,Foxhall,E04009406,Suffolk,E10000029,East of England,Suffolk,East of England,England,Suffolk Coastal 011B,E01030197,Suffolk Coastal 011,E02006297,NHS Suffolk and North East Essex,E38000086
351520622.0,way,51.9637218,1.3559404,Felixstowe Community Hospital & Minor Injuries Unit,Unknown,Unknown,hospital,IP11 7HJ,IP11,1.35594,51.963766,Suffolk Coastal,Suffolk Coastal,E14001530,E14001530,East Suffolk,E07000244,Eastern Felixstowe,E05012741,Felixstowe,E04009405,Suffolk,E10000029,East of England,Suffolk,East of England,England,Suffolk Coastal 015D,E01030167,Suffolk Coastal 015,E02006301,NHS Suffolk and North East Essex,E38000086
357397490.0,way,52.2230756,-2.7388958,Leominster Community Hospital,Wye Valley NHS Trust,Unknown,hospital,HR6 8LJ,HR6,-2.739895,52.222654,North Herefordshire,North Herefordshire,E14001395,E14001395,"Herefordshire, County of",E06000019,Leominster South,E05009470,Leominster,E04000800,,E99999999,West Midlands,Herefordshire,West Midlands,England,Herefordshire 003C,E01014047,Herefordshire 003,E02002907,NHS Herefordshire and Worcestershire,E38000236
359374768.0,way,53.3740185,-1.5175793,BMI Thornbury Hospital,Unknown,Unknown,hospital,S10 3BR,S10,-1.517275,53.374535,Sheffield Hallam,Sheffield Hallam,E14001468,E14001468,Sheffield,E08000019,Fulwood,E05010869,"Sheffield, unparished area",E43000173,,E99999999,Yorkshire and the Humber,Sheffield,Yorkshire and The Humber,England,Sheffield 038C,E01007862,Sheffield 038,E02001648,NHS South Yorkshire,E38000146
360444607.0,way,55.7736502,-3.9414597,University Hospital Wishaw,Unknown,yes,hospital,ML2 0DP,ML2,-3.941749,55.773696,"Motherwell, Wishaw and Carluke","Motherwell, Wishaw and Carluke",S14000099,S14000099,North Lanarkshire,S12000050,Motherwell South East and Ravenscraig,S13003060,,S99999999,,S99999999,Lanarkshire,North Lanarkshire Community Health Partnership,,Scotland,Craigneuk Wishaw - 06,S01011387,Craigneuk Wishaw,S02002139,North Lanarkshire Community Health Partnership,S03000029
361178539.0,way,54.4837725,-0.6170833,Whitby Hospital,Unknown,Unknown,hospital,YO21 1DP,YO21,-0.618087,54.4838,Scarborough and Whitby,Scarborough and Whitby,E14001461,E14001461,North Yorkshire,E06000065,Whitby Streonshalh,E05014336,Whitby,E04007706,,E99999999,Yorkshire and the Humber,North Yorkshire and York,Yorkshire and The Humber,England,Scarborough 001D,E01027870,Scarborough 001,E02005795,NHS Humber and North Yorkshire,E38000241
362222577.0,way,50.8811208,-2.7981764,Crewkerne Hospital,NHS,no,hospital,TA18 8BX,TA18,-2.798174,50.880631,Yeovil,Yeovil,E14001603,E14001603,Somerset,E06000066,Crewkerne,E05014356,Crewkerne,E04008688,,E99999999,South West,Somerset,South West,England,South Somerset 021E,E01029186,South Somerset 021,E02006095,NHS Somerset,E38000150
362325982.0,way,51.6243284,0.0321768,The Holly Private Hospital,Unknown,Unknown,hospital,IG9 5HX,IG9,0.032013,51.624512,Epping Forest,Epping Forest,E14001226,E14001226,Epping Forest,E07000072,Buckhurst Hill West,E05015725,Buckhurst Hill,E04004038,Essex,E10000012,East of England,West Essex,East of England,England,Epping Forest 015D,E01021745,Epping Forest 015,E02004541,NHS Hertfordshire and West Essex,E38000197
364487772.0,way,53.9554599,-2.0188468,Skipton General Hospital,Unknown,Unknown,hospital,BD23 2RJ,BD23,-2.019013,53.955694,Skipton and Ripon,Skipton and Ripon,E14001475,E14001475,North Yorkshire,E06000065,Skipton West & West Craven,E05014321,Skipton,E04012269,,E99999999,Yorkshire and the Humber,North Yorkshire and York,Yorkshire and The Humber,England,Craven 006D,E01027582,Craven 006,E02005747,NHS West Yorkshire,E38000232
365497904.0,way,50.2681529,-5.0935435,The Duchy Hospital,Unknown,yes,hospital,TR1 3UP,TR1,-5.093566,50.267934,Truro and Falmouth,Truro and Falmouth,E14001554,E14001554,Cornwall,E06000052,"Gloweth, Malabar & Shortlanesend",E05013291,Kenwyn,E04011451,,E99999999,South West,Cornwall and Isles of Scilly,South West,England,Cornwall 043C,E01018855,Cornwall 043,E02003909,NHS Cornwall and the Isles of Scilly,E38000089
371543320.0,way,51.5098825,0.3658239,Orsett Hospital,NHS,no,hospital,RM16 3EU,RM16,0.366283,51.509495,South Basildon and East Thurrock,South Basildon and East Thurrock,E14001480,E14001480,Thurrock,E06000034,Orsett,E05002240,"Thurrock, unparished area",E43000029,,E99999999,East of England,South West Essex,East of England,England,Thurrock 004A,E01015977,Thurrock 004,E02003299,NHS Mid and South Essex,E38000185
375687625.0,way,52.9147025,1.1159644,Kelling Hospital,Unknown,no,Unknown,NR25 6QA,NR25,1.116042,52.914476,North Norfolk,North Norfolk,E14001396,E14001396,North Norfolk,E07000147,Holt,E05011843,High Kelling,E04006427,Norfolk,E10000020,East of England,Norfolk,East of England,England,North Norfolk 004A,E01026741,North Norfolk 004,E02005573,NHS Norfolk and Waveney,E38000239
375747251.0,way,51.7431746,0.4892269,Priory Hospital Chelmsford,The Priory Group,no,hospital,CM1 7HZ,CM1,0.49011,51.743219,Chelmsford,Chelmsford,E14001159,E14001159,Chelmsford,E07000070,The Lawns,E05004116,"Chelmsford, unparished area",E43000285,Essex,E10000012,East of England,Mid Essex,East of England,England,Chelmsford 007C,E01021622,Chelmsford 007,E02004491,NHS Mid and South Essex,E38000106
379527119.0,way,54.6551777,-1.6832678,Auckland Park Hospital,Unknown,Unknown,hospital,DL14 6AF,DL14,-1.682619,54.65443,Bishop Auckland,Bishop Auckland,E14001101,E14001101,County Durham,E06000047,Bishop Auckland Town,E05009038,Bishop Auckland,E04010595,,E99999999,North East,County Durham,North East,England,County Durham 056C,E01020872,County Durham 056,E02004353,NHS North East and North Cumbria,E38000234
380570328.0,way,54.5468329,-1.9168329,Richardson Hospital,Unknown,Unknown,hospital,DL12 8NY,DL12,-1.916769,54.546859,Bishop Auckland,Bishop Auckland,E14001101,E14001101,County Durham,E06000047,Barnard Castle East,E05009034,Barnard Castle,E04010591,,E99999999,North East,County Durham,North East,England,County Durham 066B,E01020853,County Durham 066,E02004347,NHS North East and North Cumbria,E38000234
382250707.0,way,51.3045578,-0.3031771,Ashtead Hospital,Bupa,no,hospital,KT21 2SB,KT21,-0.303292,51.304339,Epsom and Ewell,Epsom and Ewell,E14001227,E14001227,Mole Valley,E07000210,Ashtead Park,E05015342,"Mole Valley, unparished area",E43000139,Surrey,E10000030,South East Coast,Surrey,South East,England,Mole Valley 001C,E01030509,Mole Valley 001,E02006362,NHS Surrey Heartlands,E38000264
384064769.0,way,50.9761173,-3.2271827,Wellington Community Hospital,Unknown,Unknown,hospital,TA21 8DQ,TA21,-3.22805,50.97599,Taunton and Wellington,Taunton and Wellington,E14001540,E14001540,Somerset,E06000066,Wellington,E05014387,Wellington,E04008819,,E99999999,South West,Somerset,South West,England,Taunton Deane 012E,E01029316,Taunton Deane 012,E02006110,NHS Somerset,E38000150
384247373.0,way,56.2052251,-3.1821703,Glenrothes Hospital,NHS Fife,no,hospital,KY7 5TG,KY7,-3.182507,56.205086,Glenrothes and Mid Fife,Glenrothes and Mid Fife,S14000090,S14000090,Fife,S12000047,"Glenrothes North, Leslie and Markinch",S13002958,,S99999999,,S99999999,Fife,Glenrothes and North East Fife Community Health Partnership,,Scotland,Foresters Lodge,S01009590,Glenrothes Balgeddie and Town Park,S02001807,Glenrothes & North East Fife Community Health Partnership,S03000007
384967035.0,way,54.5247157,-1.5372523,Hundens Lane Day Hospital,Unknown,Unknown,Unknown,DL1 1JE,DL1,-1.537572,54.524867,Darlington,Darlington,E14001190,E14001190,Darlington,E06000005,Stephenson,E05010430,"Darlington, unparished area",E43000249,,E99999999,North East,Darlington,North East,England,Darlington 009C,E01012342,Darlington 009,E02002567,NHS North East and North Cumbria,E38000247
386726040.0,way,52.4906705,-1.9495563,Midland Metropolitan University Hospital,Unknown,yes,hospital,B66 2QT,B66,-1.949846,52.491258,Smethwick,Smethwick,E14001478,E14001478,Sandwell,E08000028,Soho and Victoria,E05001278,"Sandwell, unparished area",E43000182,,E99999999,West Midlands,Sandwell,West Midlands,England,Sandwell 026D,E01010063,Sandwell 026,E02002068,NHS Black Country,E38000259
389545669.0,way,56.3037062,-3.0536291,Stratheden Hospital,NHS Fife,no,hospital,KY15 5RR,KY15,-3.054211,56.304406,North East Fife,North East Fife,S14000100,S14000100,Fife,S12000047,Cupar,S13002964,,S99999999,,S99999999,Fife,Glenrothes and North East Fife Community Health Partnership,,Scotland,Springfield East,S01009681,Cupar West and Springfield,S02001826,Glenrothes & North East Fife Community Health Partnership,S03000007
391676009.0,way,55.4926438,-4.6044637,Biggart Hospital,Unknown,no,hospital,KA9 2HQ,KA9,-4.604862,55.492576,Central Ayrshire,Central Ayrshire,S14000109,S14000109,South Ayrshire,S12000028,Prestwick,S13003088,,S99999999,,S99999999,Ayrshire and Arran,South Ayrshire Community Health Partnership,,Scotland,Prestwick East - 06,S01012529,Prestwick East,S02002347,South Ayrshire Community Health Partnership,S03000003
393298952.0,way,53.3243773,-2.2349928,The Wilmslow Hospital,Unknown,Unknown,hospital,SK9 1NY,SK9,-2.234828,53.324654,Tatton,Tatton,E14001539,E14001539,Cheshire East,E06000049,Wilmslow West and Chorley,E05008658,Wilmslow,E04012173,,E99999999,North West,Central and Eastern Cheshire,North West,England,Cheshire East 006B,E01018601,Cheshire East 006,E02003858,NHS Cheshire and Merseyside,E38000233
394683604.0,way,51.5202652,-0.0469652,BMI London Independent Hospital,BMI,Unknown,hospital,E1 4NL,E1,-0.046744,51.520402,Bethnal Green and Stepney,Bethnal Green and Stepney,E14001086,E14001086,Tower Hamlets,E09000030,St Dunstan's,E05009329,"Tower Hamlets, unparished area",E43000220,,E99999999,London,Tower Hamlets,London,England,Tower Hamlets 016D,E01004290,Tower Hamlets 016,E02000879,NHS North East London,E38000255
397531416.0,way,54.6087456,-5.9394251,Mater Infirmorum Hospital,Belfast Health and Social Care Trust (BHSCT) - NHS,yes,hospital,BT14 6AB,BT14,-5.939995,54.608911,Belfast North,Belfast North,N05000002,N05000002,Belfast,N09000003,Water Works,N08000357,,N99999999,,N99999999,Health & Social Care Board,Belfast,,Northern Ireland,Water Works 1,95GG47S1,,N99999999,Belfast,ZC010
397966262.0,way,50.5658325,-2.4449558,Portland Hospital (Minor Injuries Unit),Unknown,no,hospital,DT5 1AX,DT5,-2.444822,50.565817,South Dorset,South Dorset,E14001485,E14001485,Dorset,E06000059,Portland,E05012709,Portland,E04003630,,E99999999,South West,Dorset,South West,England,Weymouth and Portland 008D,E01020569,Weymouth and Portland 008,E02004288,NHS Dorset,E38000045
398074300.0,way,52.2360615,-0.8743376,Three Shires Hospital,Three Shires Hospital LLP,Unknown,hospital,NN1 5DR,NN1,-0.874323,52.236143,Northampton South,Northampton South,E14001407,E14001407,West Northamptonshire,E06000062,Delapre and Rushmere,E05013251,Northampton,E04013033,,E99999999,East Midlands,Northamptonshire Teaching,East Midlands,England,Northampton 025D,E01027257,Northampton 025,E02005674,NHS Northamptonshire,E38000262
398362699.0,way,50.8500473,0.4752256,Bexhill Hospital,NHS,no,hospital,TN40 2DZ,TN40,0.475497,50.850706,Bexhill and Battle,Bexhill and Battle,E14001088,E14001088,Rother,E07000064,Bexhill Old Town & Worsham,E05011607,Bexhill-on-Sea,E04013123,East Sussex,E10000011,South East Coast,Hastings and Rother,South East,England,Rother 008A,E01021112,Rother 008,E02004399,NHS Sussex,E38000235
398812894.0,way,53.2881609,-3.7101564,Colwyn Bay Community Hospital,NHS,no,hospital,LL29 8AY,LL29,-3.710462,53.288248,Clwyd North,Clwyd North,W07000095,W07000095,Conwy,W06000003,Eirias,W05001412,Old Colwyn,W04000134,,W99999999,Betsi Cadwaladr University Health Board,Betsi Cadwaladr University Health Board,,Wales,Conwy 007A,W01000139,Conwy 007,W02000033,Betsi Cadwaladr University,W11000023
399059642.0,way,55.4211731,-5.6036889,Campbeltown Hospital,Unknown,yes,hospital,PA28 6EZ,PA28,-5.604448,55.421831,"Argyll, Bute and South Lochaber","Argyll, Bute and South Lochaber",S14000067,S14000067,Argyll and Bute,S12000035,South Kintyre,S13002516,,S99999999,,S99999999,Highland,Argyll and Bute Community Health Partnership,,Scotland,Campbeltown - 07,S01007339,Campbeltown,S02001380,Argyll & Bute Community Health Partnership,S03000025
399666745.0,way,56.327619,-2.8052279,St Andrews Community Hospital,NHS Fife,no,hospital,KY16 8AR,KY16,-2.805652,56.327485,North East Fife,North East Fife,S14000100,S14000100,Fife,S12000047,St Andrews,S13002962,,S99999999,,S99999999,Fife,Glenrothes and North East Fife Community Health Partnership,,Scotland,Cairnsmill,S01009730,St Andrews South West,S02001836,Glenrothes & North East Fife Community Health Partnership,S03000007
400669816.0,way,52.9137526,-1.4677299,Florence Nightingale Community Hospital,Unknown,no,hospital,DE1 2FX,DE1,-1.467673,52.913348,Derby South,Derby South,E14001194,E14001194,Derby,E06000015,Arboretum,E05015511,"Derby, unparished area",E43000014,,E99999999,East Midlands,Derby City,East Midlands,England,Derby 018F,E01033166,Derby 018,E02002813,NHS Derby and Derbyshire,E38000261
402012627.0,way,51.5272631,-0.0902151,Moorfields Eye Hospital (City Road campus),Unknown,yes,hospital,EC1V 2PD,EC1V,-0.089889,51.527246,Islington South and Finsbury,Islington South and Finsbury,E14001306,E14001306,Islington,E09000019,Bunhill,E05013699,"Islington, unparished area",E43000209,,E99999999,London,Islington,London,England,Islington 023A,E01002701,Islington 023,E02000576,NHS North Central London,E38000240
404052843.0,way,52.3152968,-2.5896006,Tenbury Community Hospital,Unknown,no,hospital,WR15 8AP,WR15,-2.589547,52.315288,South Shropshire,South Shropshire,E14001493,E14001493,Shropshire,E06000051,Clee,E05008154,Burford,E04011233,,E99999999,West Midlands,Shropshire County,West Midlands,England,Shropshire 039A,E01028995,Shropshire 039,E02006046,"NHS Shropshire, Telford and Wrekin",E38000257
404594322.0,way,55.051495,-3.589031,Midpark Hospital,NHS Dumfries and Galloway,no,hospital,DG1 4TN,DG1,-3.589307,55.050643,Dumfries and Galloway,Dumfries and Galloway,S14000073,S14000073,Dumfries and Galloway,S12000006,Nith,S13002888,,S99999999,,S99999999,Dumfries and Galloway,Dumfries and Galloway Community Health Partnership,,Scotland,Kingholm - 02,S01007598,Kingholm,S02001427,Dumfries & Galloway Community Health Partnership,S03000005
406507744.0,way,52.6653342,0.1643126,North Cambridgeshire Hospital,Unknown,no,hospital,PE13 3UZ,PE13,0.163907,52.6657,North East Cambridgeshire,North East Cambridgeshire,E14001390,E14001390,Fenland,E07000010,Wisbech Riverside,E05015436,Wisbech,E04001668,Cambridgeshire,E10000003,East of England,Cambridgeshire,East of England,England,Fenland 002A,E01018063,Fenland 002,E02003743,NHS Cambridgeshire and Peterborough,E38000260
408452019.0,way,52.1953445,-1.7135745,Stratford upon Avon Hospital,Unknown,no,hospital,CV37 6NX,CV37,-1.7134,52.195265,Stratford-on-Avon,Stratford-on-Avon,E14001526,E14001526,Stratford-on-Avon,E07000221,Stratford Clopton,E05015129,Stratford-upon-Avon,E04012360,Warwickshire,E10000031,West Midlands,Warwickshire,West Midlands,England,Stratford-on-Avon 009B,E01031229,Stratford-on-Avon 009,E02006512,NHS Coventry and Warwickshire,E38000251
408710986.0,way,52.9846029,-3.3041536,St Davids Independant Hospital,MHC,Unknown,Unknown,LL21 9BG,LL21,-3.304098,52.984547,Dwyfor Meirionnydd,Dwyfor Meirionnydd,W07000096,W07000096,Denbighshire,W06000004,Edeirnion,W05001337,Corwen,W04000147,,W99999999,Betsi Cadwaladr University Health Board,Betsi Cadwaladr University Health Board,,Wales,Denbighshire 016A,W01000192,Denbighshire 016,W02000057,Betsi Cadwaladr University,W11000023
409451652.0,way,51.2356437,-0.5642432,Mount Alvernia Hospital,Unknown,no,Unknown,GU1 3LX,GU1,-0.564219,51.235746,Guildford,Guildford,E14001258,E14001258,Guildford,E07000209,Castle,E05014949,"Guildford, unparished area",E43000138,Surrey,E10000030,South East Coast,Surrey,South East,England,Guildford 013E,E01030455,Guildford 013,E02006356,NHS Surrey Heartlands,E38000264
411319782.0,way,54.5545334,-1.2492303,"Carter Bequest Hospital, Middlesbrough",Unknown,Unknown,hospital,TS5 5NQ,TS5,-1.248159,54.554811,Middlesbrough and Thornaby East,Middlesbrough and Thornaby East,E14001367,E14001367,Middlesbrough,E06000002,Linthorpe,E05009862,"Middlesbrough, unparished area",E43000291,,E99999999,North East,Middlesbrough,North East,England,Middlesbrough 009C,E01012055,Middlesbrough 009,E02002504,NHS North East and North Cumbria,E38000247
412406253.0,way,50.6208786,-3.4015855,Exmouth Hospital,Unknown,Unknown,Unknown,EX8 2JF,EX8,-3.401499,50.621139,Exmouth and Exeter East,Exmouth and Exeter East,E14001232,E14001232,East Devon,E07000040,Exmouth Littleham,E05011793,Exmouth,E04003003,Devon,E10000008,South West,Devon,South West,England,East Devon 020A,E01019912,East Devon 020,E02004148,NHS Devon,E38000230
413948227.0,way,51.5061317,-0.0860403,London Bridge Hospital,Unknown,no,hospital,SE1 2PR,SE1,-0.085865,51.506373,Bermondsey and Old Southwark,Bermondsey and Old Southwark,E14001085,E14001085,Southwark,E09000028,London Bridge & West Bermondsey,E05011104,"Southwark, unparished area",E43000218,,E99999999,London,Southwark,London,England,Southwark 003E,E01004027,Southwark 003,E02000809,NHS South East London,E38000244
415081498.0,way,51.9447793,-1.5365102,Chipping Norton War Memorial Community Hospital,Oxford Health NHS Trust,no,hospital,OX7 5AU,OX7,-1.537481,51.944622,Banbury,Banbury,E14001072,E14001072,West Oxfordshire,E07000181,Chipping Norton,E05006637,Chipping Norton,E04008274,Oxfordshire,E10000025,South Central,Oxfordshire,South East,England,West Oxfordshire 001A,E01028780,West Oxfordshire 001,E02005993,"NHS Buckinghamshire, Oxfordshire and Berkshire West",E38000136
419545602.0,way,55.8765747,-3.6876171,Tippethill Hospital,Unknown,Unknown,Unknown,EH48 3BQ,EH48,-3.687637,55.876748,Bathgate and Linlithgow,Bathgate and Linlithgow,S14000068,S14000068,West Lothian,S12000040,Whitburn and Blackburn,S13002826,,S99999999,,S99999999,Lothian,West Lothian Community Health and Care Partnership,,Scotland,"Whitburn, Croftmalloch and Greenrigg - 03",S01013380,"Whitburn, Croftmalloch and Greenrigg",S02002499,West Lothian Community Health & Care Partnership,S03000035
420411264.0,way,51.5234772,-0.1404316,Fitzrovia Hospital,Unknown,Unknown,hospital,W1T 6AH,W1T,-0.140442,51.523564,Holborn and St Pancras,Holborn and St Pancras,E14001290,E14001290,Camden,E09000007,Bloomsbury,E05013653,"Camden, unparished area",E43000197,,E99999999,London,Camden,London,England,Camden 026B,E01000851,Camden 026,E02000191,NHS North Central London,E38000240
423707617.0,way,54.9885217,-3.2469035,Annan Hospital,NHS Dumfries and Galloway,no,hospital,DG12 6NQ,DG12,-3.246948,54.98821,"Dumfriesshire, Clydesdale and Tweeddale","Dumfriesshire, Clydesdale and Tweeddale",S14000074,S14000074,Dumfries and Galloway,S12000006,Annandale South,S13002889,,S99999999,,S99999999,Dumfries and Galloway,Dumfries and Galloway Community Health Partnership,,Scotland,Annan East - 08,S01007671,Annan East,S02001442,Dumfries & Galloway Community Health Partnership,S03000005
427242781.0,way,51.1674363,-0.1833437,Spire Gatwick Park Hospital (Private),Unknown,Unknown,hospital,RH6 0BB,RH6,-0.183397,51.167684,Dorking and Horley,Dorking and Horley,E14001201,E14001201,Mole Valley,E07000210,"Capel, Leigh, Newdigate & Charlwood",E05015346,Charlwood,E04009569,Surrey,E10000030,South East Coast,Surrey,South East,England,Mole Valley 013D,E01030531,Mole Valley 013,E02006374,NHS Surrey Heartlands,E38000264
429677473.0,way,53.7338092,-2.4794243,Park Lee Hospital,Unknown,Unknown,Unknown,BB2 3LH,BB2,-2.480263,53.733549,Blackburn,Blackburn,E14001102,E14001102,Blackburn with Darwen,E06000008,Blackburn South East,E05011513,"Blackburn with Darwen, unparished area",E43000279,,E99999999,North West,Blackburn with Darwen Teaching,North West,England,Blackburn with Darwen 011A,E01012600,Blackburn with Darwen 011,E02002625,NHS Lancashire and South Cumbria,E38000014
430661762.0,way,52.9904817,-1.1391289,Nottingham Woodthorpe Hospital,Ramsay Health Care,no,hospital,NG5 3FZ,NG5,-1.138629,52.990481,Gedling,Gedling,E14001245,E14001245,Gedling,E07000173,Woodthorpe,E05009707,"Gedling, unparished area",E43000125,Nottinghamshire,E10000024,East Midlands,Nottinghamshire County Teaching,East Midlands,England,Gedling 009F,E01028217,Gedling 009,E02005873,NHS Nottingham and Nottinghamshire,E38000243
432562883.0,way,56.0555526,-2.718313,Edington Cottage Hospital,Unknown,no,hospital,EH39 4PR,EH39,-2.719012,56.054911,Lothian East,Lothian East,S14000096,S14000096,East Lothian,S12000010,North Berwick Coastal,S13002911,,S99999999,,S99999999,Lothian,East Lothian Community Health Partnership,,Scotland,IZ19 - 02,S01008273,IZ19,S02001552,East Lothian Community Health Partnership,S03000031
432710034.0,way,52.6558081,-0.468002,Stamford & Rutland Hospital,Unknown,Unknown,hospital,PE9 1YA,PE9,-0.46778,52.656186,Rutland and Stamford,Rutland and Stamford,E14001458,E14001458,South Kesteven,E07000141,Stamford St Mary's,E05010175,Stamford,E04005940,Lincolnshire,E10000019,East Midlands,Lincolnshire Teaching,East Midlands,England,South Kesteven 016B,E01026350,South Kesteven 016,E02005491,NHS Lincolnshire,E38000238
435769621.0,way,54.5925179,-5.9549746,The Royal Hospitals,Belfast Health and Social Care Trust (BHSCT) - NHS,yes,hospital,BT12 6BD,BT12,-5.955841,54.593258,Belfast West,Belfast West,N05000004,N05000004,Belfast,N09000003,Falls,N08000324,,N99999999,,N99999999,Health & Social Care Board,Belfast,,Northern Ireland,Falls 1,95GG21S1,,N99999999,Belfast,ZC010
437431993.0,way,54.9676718,-1.4844247,Primrose Hill Community Hospital,Unknown,Unknown,Unknown,NE32 5HA,NE32,-1.485721,54.967655,Jarrow and Gateshead East,Jarrow and Gateshead East,E14001307,E14001307,South Tyneside,E08000023,Primrose,E05001147,"South Tyneside, unparished area",E43000177,,E99999999,North East,South Tyneside,North East,England,South Tyneside 017E,E01008663,South Tyneside 017,E02001784,NHS North East and North Cumbria,E38000163
440410278.0,way,51.5248695,-0.1364433,University College Hospital,National Health Service (NHS),yes,hospital,WC1E 6AS,WC1E,-0.136885,51.524893,Holborn and St Pancras,Holborn and St Pancras,E14001290,E14001290,Camden,E09000007,Bloomsbury,E05013653,"Camden, unparished area",E43000197,,E99999999,London,Camden,London,England,Camden 026D,E01000854,Camden 026,E02000191,NHS North Central London,E38000240
442173589.0,way,54.9449581,-1.6156849,Bensham Hospital,Unknown,Unknown,Unknown,NE8 4YL,NE8,-1.614973,54.944957,Gateshead Central and Whickham,Gateshead Central and Whickham,E14001244,E14001244,Gateshead,E08000037,Lobley Hill and Bensham,E05001079,"Gateshead, unparished area",E43000229,,E99999999,North East,Gateshead,North East,England,Gateshead 007D,E01008259,Gateshead 007,E02001688,NHS North East and North Cumbria,E38000212
443072433.0,way,52.5379529,-2.4222788,Bridgnorth Hospital,Unknown,Unknown,hospital,WV16 4EN,WV16,-2.422947,52.537874,South Shropshire,South Shropshire,E14001493,E14001493,Shropshire,E06000051,Bridgnorth East and Astley Abbotts,E05008145,Bridgnorth,E04011228,,E99999999,West Midlands,Shropshire County,West Midlands,England,Shropshire 033B,E01028833,Shropshire 033,E02006012,"NHS Shropshire, Telford and Wrekin",E38000257
443396067.0,way,54.9464737,-1.6591853,Dunston Hill Hospital,Unknown,Unknown,Unknown,NE11 9FP,NE11,-1.659402,54.946327,Gateshead Central and Whickham,Gateshead Central and Whickham,E14001244,E14001244,Gateshead,E08000037,Dunston Hill and Whickham East,E05001075,"Gateshead, unparished area",E43000229,,E99999999,North East,Gateshead,North East,England,Gateshead 013C,E01008208,Gateshead 013,E02001694,NHS North East and North Cumbria,E38000212
444440630.0,way,51.5202358,-0.1505415,Weymouth Street Hospital,Phoenix Hospital Group,no,hospital,W1G 6NP,W1G,-0.150694,51.520217,Cities of London and Westminster,Cities of London and Westminster,E14001172,E14001172,Westminster,E09000033,Marylebone,E05013801,"Westminster, unparished area",E43000236,,E99999999,London,Westminster,London,England,Westminster 011D,E01004717,Westminster 011,E02000970,NHS North West London,E38000256
446262422.0,way,52.6508802,0.6904153,Swaffham Community Hospital,Unknown,Unknown,hospital,PE37 7HW,PE37,0.690647,52.651436,South West Norfolk,South West Norfolk,E14001497,E14001497,Breckland,E07000143,Swaffham,E05010256,Swaffham,E04006180,Norfolk,E10000020,East of England,Norfolk,East of England,England,Breckland 007E,E01026459,Breckland 007,E02005509,NHS Norfolk and Waveney,E38000239
447544587.0,way,54.9869714,-1.6052044,Nuffield Health Newcastle Hospital,Nuffield Health,no,Unknown,NE2 1JP,NE2,-1.605293,54.986613,Newcastle upon Tyne North,Newcastle upon Tyne North,E14001379,E14001379,Newcastle upon Tyne,E08000021,South Jesmond,E05011457,"Newcastle upon Tyne, unparished area",E43000270,,E99999999,North East,Newcastle,North East,England,Newcastle upon Tyne 017C,E01008370,Newcastle upon Tyne 017,E02001724,NHS North East and North Cumbria,E38000212
448178927.0,way,51.5387903,0.0988176,Barking Community Hospital,Unknown,Unknown,hospital,IG11 9LX,IG11,0.098727,51.538564,Barking,Barking,E14001073,E14001073,Barking and Dagenham,E09000002,Longbridge,E05014064,"Barking and Dagenham, unparished area",E43000192,,E99999999,London,Barking and Dagenham,London,England,Barking and Dagenham 011E,E01000071,Barking and Dagenham 011,E02000012,NHS North East London,E38000255
456788991.0,way,54.3507259,-6.6424642,Armagh Community Hospital,Unknown,Unknown,hospital,BT61 9DP,BT61,-6.642943,54.350875,Newry and Armagh,Newry and Armagh,N05000011,N05000011,"Armagh City, Banbridge and Craigavon",N09000002,The Mall,N08000240,,N99999999,,N99999999,Health & Social Care Board,Southern,,Northern Ireland,The Mall,95CC22W1,,N99999999,Southern,ZC030
459653182.0,way,57.5945092,-4.4171014,Ross Memorial Hospital,Unknown,yes,hospital,IV15 9QT,IV15,-4.417342,57.594435,"Caithness, Sutherland and Easter Ross","Caithness, Sutherland and Easter Ross",S14000069,S14000069,Highland,S12000017,Dingwall and Seaforth,S13002997,,S99999999,,S99999999,Highland,Highland Health and Social Care Partnership,,Scotland,Dingwall - 05,S01010716,Dingwall,S02002017,Highland Health and Social Care Partnership,S03000044
460995247.0,way,53.3661666,-2.3270267,The Priory Hospital Altrincham,The Priory Group,Unknown,hospital,WA15 0NU,WA15,-2.327118,53.36643,Altrincham and Sale West,Altrincham and Sale West,E14001065,E14001065,Trafford,E08000009,Hale Barns & Timperley South,E05015249,"Trafford, unparished area",E43000163,,E99999999,North West,Trafford,North West,England,Trafford 028A,E01006134,Trafford 028,E02001286,NHS Greater Manchester,E38000187
470210097.0,way,54.5186753,-6.0492655,Thompson House Hospital,South Eastern Health and Social Care Trust,Unknown,hospital,BT28 3BP,BT28,-6.049675,54.518957,Lagan Valley,Lagan Valley,N05000009,N05000009,Lisburn and Castlereagh,N09000007,Wallace Park,N08000739,,N99999999,,N99999999,Health & Social Care Board,South Eastern,,Northern Ireland,Wallace Park 1,95SS30S1,,N99999999,South Eastern,ZC040
470222264.0,way,54.9889552,-1.5620519,Walkergate Park Hospital,Unknown,no,hospital,NE6 4QD,NE6,-1.56163,54.989373,Newcastle upon Tyne East and Wallsend,Newcastle upon Tyne East and Wallsend,E14001378,E14001378,Newcastle upon Tyne,E08000021,Walkergate,E05011459,"Newcastle upon Tyne, unparished area",E43000270,,E99999999,North East,Newcastle,North East,England,Newcastle upon Tyne 020C,E01008433,Newcastle upon Tyne 020,E02001727,NHS North East and North Cumbria,E38000212
474152920.0,way,51.4060536,-1.2920047,West Berkshire Community Hospital,Unknown,no,hospital,RG18 3AS,RG18,-1.291779,51.406375,Newbury,Newbury,E14001376,E14001376,West Berkshire,E06000037,Newbury Clay Hill,E05012142,Newbury,E04001207,,E99999999,South Central,Berkshire West,South East,England,West Berkshire 013B,E01016280,West Berkshire 013,E02003379,"NHS Buckinghamshire, Oxfordshire and Berkshire West",E38000221
478363042.0,way,52.4909646,-0.7121361,Corby Community Hospital,Northamptonshire Healthcare NHS Foundation Trust,Unknown,hospital,NN17 2UW,NN17,-0.712191,52.491485,Corby and East Northamptonshire,Corby and East Northamptonshire,E14001179,E14001179,North Northamptonshire,E06000061,Lloyds,E05013228,Corby,E04013159,,E99999999,East Midlands,Northamptonshire Teaching,East Midlands,England,Corby 004B,E01026973,Corby 004,E02005615,NHS Northamptonshire,E38000262
480407366.0,way,51.8968398,-0.4741599,Luton and Dunstable Hospital,Unknown,yes,Unknown,LU4 0AW,LU4,-0.474303,51.896605,Luton North,Luton North,E14001345,E14001345,Luton,E06000032,Poets,E05014747,"Luton, unparished area",E43000027,,E99999999,East of England,Luton,East of England,England,Luton 013C,E01015718,Luton 013,E02003270,"NHS Bedfordshire, Luton and Milton Keynes",E38000249
481579502.0,way,52.4506406,-1.9126749,Circle Rehabilitation Hospital Birmingham,Unknown,no,hospital,B5 7TR,B5,-1.912504,52.450475,Birmingham Edgbaston,Birmingham Edgbaston,E14001092,E14001092,Birmingham,E08000025,Edgbaston,E05011134,"Birmingham, unparished area",E43000250,,E99999999,West Midlands,South Birmingham,West Midlands,England,Birmingham 079F,E01033631,Birmingham 079,E02001905,NHS Birmingham and Solihull,E38000258
486971361.0,way,51.5840089,0.7033457,Rochford Hospital,NHS,no,hospital,SS4 1GA,SS4,0.703308,51.584312,Southend East and Rochford,Southend East and Rochford,E14001501,E14001501,Rochford,E07000075,Roche South,E05010853,Rochford,E04004083,Essex,E10000012,East of England,South East Essex,East of England,England,Rochford 004D,E01021955,Rochford 004,E02004566,NHS Mid and South Essex,E38000030
490214798.0,way,56.3238396,-3.0178848,Adamson Hospital,NHS Fife,no,hospital,KY15 4JG,KY15,-3.01794,56.324314,North East Fife,North East Fife,S14000100,S14000100,Fife,S12000047,Cupar,S13002964,,S99999999,,S99999999,Fife,Glenrothes and North East Fife Community Health Partnership,,Scotland,Cupar Northern,S01009687,Cupar Central,S02001827,Glenrothes & North East Fife Community Health Partnership,S03000007
490216512.0,way,56.1769982,-3.0274675,Randolph Wemyss Memorial Hospital,NHS Fife,no,hospital,KY8 1JB,KY8,-3.028153,56.177201,Glenrothes and Mid Fife,Glenrothes and Mid Fife,S14000090,S14000090,Fife,S12000047,"Buckhaven, Methil and Wemyss Villages",S13002966,,S99999999,,S99999999,Fife,Kirkcaldy and Levenmouth Community Health Partnership,,Scotland,Denbeath South,S01009619,"Buckhaven, Denbeath and Muiredge",S02001813,Kirkcaldy & Levenmouth Community Health Partnership,S03000008
490894826.0,way,51.7509958,-0.4695835,Hemel Hempstead Hospital,Unknown,no,hospital,HP2 4TR,HP2,-0.470152,51.750569,Hemel Hempstead,Hemel Hempstead,E14001278,E14001278,Dacorum,E07000096,Hemel Hempstead Town,E05004705,"Dacorum, unparished area",E43000076,Hertfordshire,E10000015,East of England,Hertfordshire,East of England,England,Dacorum 015D,E01023398,Dacorum 015,E02004870,NHS Hertfordshire and West Essex,E38000079
491863674.0,way,53.3017537,-2.3786458,Knutsford and District Community Hospital,Unknown,Unknown,hospital,WA16 0BF,WA16,-2.378466,53.301561,Tatton,Tatton,E14001539,E14001539,Cheshire East,E06000049,Knutsford,E05008632,Knutsford,E04013190,,E99999999,North West,Central and Eastern Cheshire,North West,England,Cheshire East 010B,E01018604,Cheshire East 010,E02003863,NHS Cheshire and Merseyside,E38000233
492338746.0,way,51.3196793,-0.7420142,Frimley Park Hospital,Unknown,yes,hospital,GU16 7UJ,GU16,-0.742029,51.319666,Surrey Heath,Surrey Heath,E14001532,E14001532,Surrey Heath,E07000214,Frimley,E05012028,"Surrey Heath, unparished area",E43000143,Surrey,E10000030,South East Coast,Surrey,South East,England,Surrey Heath 010C,E01030768,Surrey Heath 010,E02006425,NHS Frimley,E38000252
492781088.0,way,52.3231009,1.1399774,Hartismere Hospital,Unknown,Unknown,Unknown,IP23 7BH,IP23,1.140236,52.323269,Waveney Valley,Waveney Valley,E14001569,E14001569,Mid Suffolk,E07000203,Eye,E05012598,Eye,E04009196,Suffolk,E10000029,East of England,Suffolk,East of England,England,Mid Suffolk 001A,E01030052,Mid Suffolk 001,E02006261,NHS Suffolk and North East Essex,E38000086
493735797.0,way,57.8913648,-4.3428303,Migdale Hospital,Unknown,Unknown,hospital,IV24 3ER,IV24,-4.343053,57.890611,"Caithness, Sutherland and Easter Ross","Caithness, Sutherland and Easter Ross",S14000069,S14000069,Highland,S12000017,"North, West and Central Sutherland",S13002990,,S99999999,,S99999999,Highland,Highland Health and Social Care Partnership,,Scotland,Sutherland South - 07,S01010763,Sutherland South,S02002024,Highland Health and Social Care Partnership,S03000044
494201252.0,way,52.8017986,-0.1510149,Johnson Community Hospital,Unknown,Unknown,hospital,PE11 3DT,PE11,-0.15089,52.801469,South Holland and The Deepings,South Holland and The Deepings,E14001487,E14001487,South Holland,E07000140,Pinchbeck and Surfleet,E05005652,Pinchbeck,E04005864,Lincolnshire,E10000019,East Midlands,Lincolnshire Teaching,East Midlands,England,South Holland 005B,E01026258,South Holland 005,E02005469,NHS Lincolnshire,E38000238
495486806.0,way,51.8659344,0.1750248,Herts And Essex Community Hospital,Unknown,no,hospital,CM23 5JH,CM23,0.174321,51.865482,Hertford and Stortford,Hertford and Stortford,E14001283,E14001283,East Hertfordshire,E07000242,Bishop's Stortford All Saints,E05015355,Bishop's Stortford,E04012914,Hertfordshire,E10000015,East of England,Hertfordshire,East of England,England,East Hertfordshire 005E,E01023442,East Hertfordshire 005,E02004882,NHS Hertfordshire and West Essex,E38000049
497718283.0,way,51.5277306,-0.0755805,Mildmay Mission Hospital,Unknown,Unknown,hospital,E2 7PB,E2,-0.076053,51.527885,Bethnal Green and Stepney,Bethnal Green and Stepney,E14001086,E14001086,Tower Hamlets,E09000030,Weavers,E05009335,"Tower Hamlets, unparished area",E43000220,,E99999999,London,Tower Hamlets,London,England,Tower Hamlets 006A,E01004311,Tower Hamlets 006,E02000869,NHS North East London,E38000255
498060269.0,way,55.8686226,-3.9409319,Wester Moffat Hospital,Unknown,no,hospital,ML6 8NB,ML6,-3.940329,55.867936,Airdrie and Shotts,Airdrie and Shotts,S14000063,S14000063,North Lanarkshire,S12000050,Airdrie South,S13003053,,S99999999,,S99999999,Lanarkshire,North Lanarkshire Community Health Partnership,,Scotland,Craigneuk Airdrie - 04,S01011628,Craigneuk Airdrie,S02002182,North Lanarkshire Community Health Partnership,S03000029
498304824.0,way,51.4464132,0.2428038,Little Brook Hospital,Kent and Medway NHS and Social Care Partnership Trust,no,hospital,DA2 6AD,DA2,0.243223,51.445869,Dartford,Dartford,E14001191,E14001191,Dartford,E07000107,Stone House,E05012406,Stone,E04012921,Kent,E10000016,South East Coast,West Kent,South East,England,Dartford 005D,E01024163,Dartford 005,E02005032,NHS Kent and Medway,E38000237
498570852.0,way,52.2400321,0.7194582,St Edmunds Hospital,Unknown,Unknown,hospital,IP33 2AA,IP33,0.719386,52.240078,Bury St Edmunds and Stowmarket,Bury St Edmunds and Stowmarket,E14001146,E14001146,West Suffolk,E07000245,Abbeygate,E05012763,Bury St Edmunds,E04013227,Suffolk,E10000029,East of England,Suffolk,East of England,England,St Edmundsbury 006B,E01030093,St Edmundsbury 006,E02006278,NHS Suffolk and North East Essex,E38000204
502769634.0,way,53.4872813,-2.3243147,Salford Royal Hospital,Unknown,Unknown,hospital,M6 8HB,M6,-2.323424,53.487545,Salford,Salford,E14001459,E14001459,Salford,E08000006,Weaste & Seedley,E05013036,"Salford, unparished area",E43000160,,E99999999,North West,Salford,North West,England,Salford 021C,E01005719,Salford 021,E02001177,NHS Greater Manchester,E38000143
503754933.0,way,55.8663217,-4.0001752,University Hospital Monklands,Unknown,yes,hospital,ML6 0JS,ML6,-3.999598,55.865882,Airdrie and Shotts,Airdrie and Shotts,S14000063,S14000063,North Lanarkshire,S12000050,Airdrie Central,S13003050,,S99999999,,S99999999,Lanarkshire,North Lanarkshire Community Health Partnership,,Scotland,Coatdyke and Whinhall - 05,S01011652,Coatdyke and Whinhall,S02002186,North Lanarkshire Community Health Partnership,S03000029
504088671.0,way,50.7929681,-0.6750046,Bognor Regis War Memorial Hospital,Unknown,Unknown,hospital,PO22 9PP,PO22,-0.675418,50.793365,Bognor Regis and Littlehampton,Bognor Regis and Littlehampton,E14001108,E14001108,Arun,E07000224,Orchard,E05009816,Bognor Regis,E04009855,West Sussex,E10000032,South East Coast,West Sussex,South East,England,Arun 014E,E01031442,Arun 014,E02006555,NHS Sussex,E38000265
504129695.0,way,51.5937166,-0.2244096,BMI Hendon Hospital,Unknown,no,hospital,NW4 1RP,NW4,-0.224578,51.593715,Hendon,Hendon,E14001279,E14001279,Barnet,E09000003,Hendon,E05013643,"Barnet, unparished area",E43000193,,E99999999,London,Barnet,London,England,Barnet 032C,E01000243,Barnet 032,E02000055,NHS North Central London,E38000240
505569769.0,way,51.8944381,-0.4741351,Luton and Dunstable Hospital,Unknown,yes,hospital,LU4 0DZ,LU4,-0.474153,51.894292,Luton North,Luton North,E14001345,E14001345,Luton,E06000032,Poets,E05014747,"Luton, unparished area",E43000027,,E99999999,East of England,Luton,East of England,England,Luton 013A,E01015713,Luton 013,E02003270,"NHS Bedfordshire, Luton and Milton Keynes",E38000249
505893861.0,way,56.4011163,-3.4138335,Murray Royal Hospital,NHS Tayside,no,hospital,PH2 7FN,PH2,-3.412696,56.400948,Perth and Kinross-shire,Perth and Kinross-shire,S14000103,S14000103,Perth and Kinross,S12000048,Perth City Centre,S13003074,,S99999999,,S99999999,Tayside,Perth and Kinross Community Health Partnership,,Scotland,Gannochy and Walnut Grove - 02,S01011945,Gannochy and Walnut Grove,S02002240,Perth & Kinross Community Health Partnership,S03000040
507088411.0,way,53.4115992,-0.7849152,John Coupland Hospital,United Lincolnshire Hospitals NHS Trust,no,hospital,DN21 2TJ,DN21,-0.784791,53.411846,Gainsborough,Gainsborough,E14001243,E14001243,West Lindsey,E07000142,Gainsborough North,E05009641,Gainsborough,E04006081,Lincolnshire,E10000019,East Midlands,Lincolnshire Teaching,East Midlands,England,West Lindsey 004C,E01026381,West Lindsey 004,E02005495,NHS Lincolnshire,E38000238
507325979.0,way,53.4765922,-3.0203619,Waterloo EMI Day Hospital,Unknown,Unknown,hospital,L22 3XS,L22,-3.021007,53.476562,Bootle,Bootle,E14001113,E14001113,Sefton,E08000014,Church,E05000936,"Sefton, unparished area",E43000168,,E99999999,North West,Sefton,North West,England,Sefton 030B,E01006956,Sefton 030,E02001458,NHS Cheshire and Merseyside,E38000161
507336699.0,way,53.3852889,-2.9235489,Spire Liverpool Hospital,Unknown,Unknown,hospital,L18 1HQ,L18,-2.924117,53.38527,Liverpool Wavertree,Liverpool Wavertree,E14001340,E14001340,Liverpool,E08000012,Greenbank Park,E05015307,"Liverpool, unparished area",E43000166,,E99999999,North West,Liverpool,North West,England,Liverpool 042F,E01033749,Liverpool 042,E02001388,NHS Cheshire and Merseyside,E38000101
508460162.0,way,51.1628872,-3.3231847,Williton Community Hospital,NHS,Unknown,hospital,TA4 4RA,TA4,-3.323208,51.162888,Tiverton and Minehead,Tiverton and Minehead,E14001548,E14001548,Somerset,E06000066,Watchet & Stogursey,E05014386,Williton,E04008864,,E99999999,South West,Somerset,South West,England,West Somerset 004E,E01029343,West Somerset 004,E02006116,NHS Somerset,E38000150
508615401.0,way,58.5836111,-3.5393952,Dunbar Hospital,Unknown,yes,hospital,KW14 7XE,KW14,-3.538951,58.583446,"Caithness, Sutherland and Easter Ross","Caithness, Sutherland and Easter Ross",S14000069,S14000069,Highland,S12000017,Thurso and Northwest Caithness,S13002991,,S99999999,,S99999999,Highland,Highland Health and Social Care Partnership,,Scotland,Caithness North West - 06,S01010797,Caithness North West,S02002030,Highland Health and Social Care Partnership,S03000044
508702472.0,way,58.4328239,-3.097977,Wick Town And County Hospital,Unknown,Unknown,hospital,KW1 5NQ,KW1,-3.09697,58.433024,"Caithness, Sutherland and Easter Ross","Caithness, Sutherland and Easter Ross",S14000069,S14000069,Highland,S12000017,Wick and East Caithness,S13002992,,S99999999,,S99999999,Highland,Highland Health and Social Care Partnership,,Scotland,Wick South - 05,S01010780,Wick South,S02002027,Highland Health and Social Care Partnership,S03000044
509497004.0,way,58.4407776,-3.0956017,Caithness General Hospital,Unknown,Unknown,hospital,KW1 5NS,KW1,-3.095738,58.441343,"Caithness, Sutherland and Easter Ross","Caithness, Sutherland and Easter Ross",S14000069,S14000069,Highland,S12000017,Wick and East Caithness,S13002992,,S99999999,,S99999999,Highland,Highland Health and Social Care Partnership,,Scotland,Wick South - 06,S01010781,Wick South,S02002027,Highland Health and Social Care Partnership,S03000044
513688253.0,way,52.9435371,-3.052303,Chirk Community Hospital,Unknown,no,hospital,LL14 5LN,LL14,-3.052089,52.9435,Montgomeryshire and Glyndwr,Montgomeryshire and Glyndwr,W07000102,W07000102,Wrexham,W06000006,Chirk North,W05001724,Chirk,W04000222,,W99999999,Betsi Cadwaladr University Health Board,Betsi Cadwaladr University Health Board,,Wales,Wrexham 019D,W01000360,Wrexham 019,W02000096,Betsi Cadwaladr University,W11000023
514349576.0,way,51.5766504,-0.1570546,Highgate Private Hospital,Aspen Healthcare Limited,Unknown,hospital,N6 4AJ,N6,-0.158419,51.576667,Hampstead and Highgate,Hampstead and Highgate,E14001265,E14001265,Haringey,E09000014,Highgate,E05013592,"Haringey, unparished area",E43000204,,E99999999,London,Haringey Teaching,London,England,Haringey 030C,E01002010,Haringey 030,E02000426,NHS North Central London,E38000240
519963420.0,way,51.8274595,-0.3606683,Spire Hospital,Spire Healthcare Group,no,hospital,AL5 4BP,AL5,-0.360392,51.82813,Harpenden and Berkhamsted,Harpenden and Berkhamsted,E14001268,E14001268,St Albans,E07000240,Harpenden North & Rural,E05013953,Harpenden Town,E04013284,Hertfordshire,E10000015,East of England,Hertfordshire,East of England,England,St Albans 001A,E01023690,St Albans 001,E02004924,NHS Hertfordshire and West Essex,E38000079
520397114.0,way,51.5984,-3.3435249,Dewi Sant Hospital,Unknown,no,hospital,CF37 1LB,CF37,-3.343339,51.59842,Pontypridd,Pontypridd,W07000106,W07000106,Rhondda Cynon Taf,W06000016,Graig and Pontypridd West,W05001085,Pontypridd Town,W04001039,,W99999999,Cwm Taf Morgannwg University Health Board,Cwm Taf Morgannwg University Health Board,,Wales,Rhondda Cynon Taf 021A,W01001182,Rhondda Cynon Taf 021,W02000272,Cwm Taf Morgannwg University,W11000030
525716090.0,way,50.7126712,-2.4470683,Dorset County Hospital,Unknown,Unknown,hospital,DT1 2JY,DT1,-2.446936,50.71294,West Dorset,West Dorset,E14001575,E14001575,Dorset,E06000059,Dorchester West,E05012698,Dorchester,E04003533,,E99999999,South West,Dorset,South West,England,West Dorset 009G,E01032643,West Dorset 009,E02004277,NHS Dorset,E38000045
531583993.0,way,53.7287163,0.0338362,Withernsea Community Hospital,Unknown,no,Unknown,HU19 2QB,HU19,0.03401,53.728557,Beverley and Holderness,Beverley and Holderness,E14001087,E14001087,East Riding of Yorkshire,E06000011,South East Holderness,E05001707,Withernsea,E04000502,,E99999999,Yorkshire and the Humber,East Riding of Yorkshire,Yorkshire and The Humber,England,East Riding of Yorkshire 031D,E01013082,East Riding of Yorkshire 031,E02002714,NHS Humber and North Yorkshire,E38000052
532741979.0,way,55.1841381,-1.5451347,Wansbeck General Hospital,Unknown,Unknown,Unknown,NE63 9JJ,NE63,-1.546602,55.18431,Blyth and Ashington,Blyth and Ashington,E14001107,E14001107,Northumberland,E06000057,Seaton with Newbiggin West,E05009149,Ashington,E04012233,,E99999999,North East,Northumberland,North East,England,Northumberland 013E,E01027549,Northumberland 013,E02005736,NHS North East and North Cumbria,E38000130
534683833.0,way,52.4995303,0.0552064,Doddington Community Hospital,Unknown,Unknown,hospital,PE15 0UG,PE15,0.055847,52.499892,North East Cambridgeshire,North East Cambridgeshire,E14001390,E14001390,Fenland,E07000010,Doddington & Wimblington,E05015423,Doddington,E04001657,Cambridgeshire,E10000003,East of England,Cambridgeshire,East of England,England,Fenland 010A,E01018065,Fenland 010,E02003751,NHS Cambridgeshire and Peterborough,E38000260
535783832.0,way,54.5464242,-1.2466938,Tees Valley Hospital,Ramsay Health Care,no,hospital,TS5 7BH,TS5,-1.246721,54.546381,Middlesbrough and Thornaby East,Middlesbrough and Thornaby East,E14001367,E14001367,Middlesbrough,E06000002,Acklam,E05009853,"Middlesbrough, unparished area",E43000291,,E99999999,North East,Middlesbrough,North East,England,Middlesbrough 012C,E01012009,Middlesbrough 012,E02002507,NHS North East and North Cumbria,E38000247
538941279.0,way,53.1581578,-2.2028835,Congleton War Memorial Hospital,Unknown,no,hospital,CW12 3AR,CW12,-2.202675,53.158025,Congleton,Congleton,E14001178,E14001178,Cheshire East,E06000049,Congleton East,E05008618,Congleton,E04013181,,E99999999,North West,Central and Eastern Cheshire,North West,England,Cheshire East 029B,E01018405,Cheshire East 029,E02003818,NHS Cheshire and Merseyside,E38000233
541961901.0,way,51.4594053,-2.5993056,St Michael's Hospital,Unknown,yes,hospital,BS2 8EG,BS2,-2.599391,51.459131,Bristol Central,Bristol Central,E14001131,E14001131,"Bristol, City of",E06000023,Central,E05010892,"Bristol, City of, unparished area",E43000019,,E99999999,South West,Bristol,South West,England,Bristol 032C,E01014542,Bristol 032,E02003043,"NHS Bristol, North Somerset and South Gloucestershire",E38000222
548533106.0,way,51.5224739,-0.1204028,Great Ormond Street Hospital for Children,Great Ormond Street Hospital for Children NHS Foundation Trust,Unknown,hospital,WC1N 3JE,WC1N,-0.119924,51.52221,Holborn and St Pancras,Holborn and St Pancras,E14001290,E14001290,Camden,E09000007,Holborn & Covent Garden,E05013662,"Camden, unparished area",E43000197,,E99999999,London,Camden,London,England,Camden 027A,E01000915,Camden 027,E02000192,NHS North Central London,E38000240
549237263.0,way,54.5102054,-6.769264,South Tyrone Hospital,Southern Health and Social Care Trust,Unknown,hospital,BT71 4AU,BT71,-6.770537,54.510281,Fermanagh and South Tyrone,Fermanagh and South Tyrone,N05000007,N05000007,Mid Ulster,N09000009,Mullaghmore,N08000930,,N99999999,,N99999999,Health & Social Care Board,Southern,,Northern Ireland,Mullaghmore,95OO21W1,,N99999999,Southern,ZC030
549803073.0,way,51.7917618,-3.2167711,Three Valleys Hospital,Unknown,Unknown,hospital,NP23 6HA,NP23,-3.216522,51.791801,Blaenau Gwent and Rhymney,Blaenau Gwent and Rhymney,W07000084,W07000084,Blaenau Gwent,W06000019,Beaufort,W05001257,Badminton,W04000925,,W99999999,Aneurin Bevan University Health Board,Aneurin Bevan University Health Board,,Wales,Blaenau Gwent 004A,W01001438,Blaenau Gwent 004,W02000317,Aneurin Bevan University,W11000028
550410006.0,way,51.5057102,-0.5933035,Upton Hospital,NHS,Unknown,hospital,SL1 2BJ,SL1,-0.593757,51.505359,Slough,Slough,E14001477,E14001477,Slough,E06000039,Herschel Park,E05015535,"Slough, unparished area",E43000235,,E99999999,South Central,Berkshire East,South East,England,Slough 011D,E01016514,Slough 011,E02003417,NHS Frimley,E38000252
555492652.0,way,52.3935182,0.5451567,RAF Lakenheath Medical Hospital,Unknown,Unknown,hospital,IP27 9PP,IP27,0.544491,52.393641,West Suffolk,West Suffolk,E14001578,E14001578,West Suffolk,E07000245,Lakenheath,E05012784,Eriswell,E04009145,Suffolk,E10000029,East of England,Suffolk,East of England,England,Forest Heath 002F,E01033453,Forest Heath 002,E02006239,NHS Suffolk and North East Essex,E38000204
556344005.0,way,50.8439592,-0.7694953,St Richard's Hospital,Unknown,Unknown,hospital,PO19 6UQ,PO19,-0.769705,50.84456,Chichester,Chichester,E14001166,E14001166,Chichester,E07000225,Chichester North,E05011668,Chichester,E04009888,West Sussex,E10000032,South East Coast,West Sussex,South East,England,Chichester 008D,E01031488,Chichester 008,E02006568,NHS Sussex,E38000265
559517364.0,way,53.1028493,-2.0095409,Leek Moorlands Hospital,Unknown,no,hospital,ST13 5BQ,ST13,-2.009712,53.102789,Staffordshire Moorlands,Staffordshire Moorlands,E14001514,E14001514,Staffordshire Moorlands,E07000198,Leek East,E05007060,Leek,E04009050,Staffordshire,E10000028,West Midlands,North Staffordshire,West Midlands,England,Staffordshire Moorlands 001B,E01029806,Staffordshire Moorlands 001,E02006204,NHS Staffordshire and Stoke-on-Trent,E38000126
563135732.0,way,55.8116756,-4.064298,Kirklands Hospital,Unknown,no,hospital,G71 8BB,G71,-4.064851,55.811866,Rutherglen,Rutherglen,S14000104,S14000104,South Lanarkshire,S12000029,Bothwell and Uddingston,S13003110,,S99999999,,S99999999,Lanarkshire,South Lanarkshire Community Health Partnership,,Scotland,Bothwell North - 04,S01012806,Bothwell North,S02002400,South Lanarkshire Community Health Partnership,S03000030
563142944.0,way,55.8804268,-3.0901291,Midlothian Community Hospital,Unknown,no,hospital,EH22 3ND,EH22,-3.090146,55.880233,Midlothian,Midlothian,S14000045,S14000045,Midlothian,S12000019,Bonnyrigg,S13003019,,S99999999,,S99999999,Lothian,Midlothian Community Health Partnership,,Scotland,Eskbank - 03,S01010996,Eskbank,S02002063,Midlothian Community Health Partnership,S03000032
563148939.0,way,60.1510306,-1.1559637,Gilbert Bain Hospital,NHS Shetland,yes,hospital,ZE1 0TB,ZE1,-1.155671,60.151068,Orkney and Shetland,Orkney and Shetland,S14000051,S14000051,Shetland Islands,S12000027,Lerwick South,S13003153,,S99999999,,S99999999,Shetland,Shetland Community Health Partnership,,Scotland,Lerwick North - 01,S01012395,Lerwick North,S02002324,Shetland Community Health Partnership,S03000037
563153867.0,way,55.8853516,-4.3064132,Nuffield Health Glasgow Hospital,Unknown,Unknown,hospital,G12 0NX,G12,-4.306957,55.884787,Glasgow North,Glasgow North,S14000085,S14000085,Glasgow City,S12000049,Partick East/Kelvindale,S13002989,,S99999999,,S99999999,Greater Glasgow and Clyde,Glasgow City Community Health Partnership,,Scotland,Kelvindale - 03,S01010365,Kelvindale,S02001950,Glasgow City Community Health & Care Partnership,S03000043
563537352.0,way,54.6627079,-1.4514085,Sedgefield Community Hospital,Unknown,Unknown,hospital,TS21 3BP,TS21,-1.452681,54.662776,Newton Aycliffe and Spennymoor,Newton Aycliffe and Spennymoor,E14001382,E14001382,County Durham,E06000047,Sedgefield,E05009078,Sedgefield,E04010687,,E99999999,North East,County Durham,North East,England,County Durham 054C,E01020829,County Durham 054,E02004339,NHS North East and North Cumbria,E38000234
569141801.0,way,56.4625282,-3.0147231,Royal Victoria Hospital,NHS Tayside,no,hospital,DD2 1SP,DD2,-3.013765,56.462532,Dundee Central,Dundee Central,S14000075,S14000075,Dundee City,S12000042,West End,S13002547,,S99999999,,S99999999,Tayside,Dundee Community Health Partnership,,Scotland,Westend - 03,S01007684,Westend,S02001445,Dundee Community Health Partnership,S03000039
577537309.0,way,52.9777778,-2.1219264,Longton Cottage Hospital,Unknown,no,Unknown,ST3 4QX,ST3,-2.122332,52.977948,Stoke-on-Trent South,Stoke-on-Trent South,E14001522,E14001522,Stoke-on-Trent,E06000021,Lightwood North & Normacot,E05014577,"Stoke-on-Trent, unparished area",E43000017,,E99999999,West Midlands,Stoke on Trent,West Midlands,England,Stoke-on-Trent 029C,E01014307,Stoke-on-Trent 029,E02002979,NHS Staffordshire and Stoke-on-Trent,E38000175
578009962.0,way,52.4870348,-0.9315768,St Lukes Hospital,Unknown,Unknown,hospital,LE16 7BN,LE16,-0.93109,52.48721,"Harborough, Oadby and Wigston","Harborough, Oadby and Wigston",E14001266,E14001266,Harborough,E07000131,Market Harborough-Logan,E05011977,"Harborough, unparished area",E43000281,Leicestershire,E10000018,East Midlands,Leicestershire County and Rutland,East Midlands,England,Harborough 007B,E01025794,Harborough 007,E02005373,"NHS Leicester, Leicestershire and Rutland",E38000051
580383000.0,way,53.5812241,-2.4991553,The Beaumont Hospital,Unknown,no,hospital,BL6 4LB,BL6,-2.498332,53.580935,Bolton West,Bolton West,E14001112,E14001112,Bolton,E08000001,"Heaton, Lostock & Chew Moor",E05014826,"Bolton, unparished area",E43000155,,E99999999,North West,Bolton Teaching,North West,England,Bolton 020D,E01004844,Bolton 020,E02001003,NHS Greater Manchester,E38000016
584279048.0,way,53.7442807,-3.0078112,Clifton Hospital,Unknown,Unknown,hospital,FY8 1PB,FY8,-3.007247,53.744359,Fylde,Fylde,E14001242,E14001242,Fylde,E07000119,Carnegie,E05014540,Saint Anne's on the Sea,E04005176,Lancashire,E10000017,North West,North Lancashire Teaching,North West,England,Fylde 008D,E01024994,Fylde 008,E02005210,NHS Lancashire and South Cumbria,E38000226
585956959.0,way,51.4505345,-0.9860165,Spire Dunedin Hospital,Spire Healthcare,Unknown,hospital,RG1 6NQ,RG1,-0.985808,51.450463,Reading Central,Reading Central,E14001438,E14001438,Reading,E06000038,Coley,E05013869,"Reading, unparished area",E43000031,,E99999999,South Central,Berkshire West,South East,England,Reading 013C,E01016390,Reading 013,E02003401,"NHS Buckinghamshire, Oxfordshire and Berkshire West",E38000221
586425169.0,way,52.1812869,-2.2162368,Spire Southbank Hospital,Unknown,no,hospital,WR5 3AG,WR5,-2.216243,52.181095,Worcester,Worcester,E14001597,E14001597,Worcester,E07000237,Battenhall,E05015850,"Worcester, unparished area",E43000153,Worcestershire,E10000034,West Midlands,Worcestershire,West Midlands,England,Worcester 011A,E01032285,Worcester 011,E02006744,NHS Herefordshire and Worcestershire,E38000236
591570712.0,way,51.4634313,0.0067008,Blackheath Hospital,Unknown,Unknown,hospital,SE3 9UD,SE3,0.006265,51.463474,Lewisham North,Lewisham North,E14001332,E14001332,Lewisham,E09000023,Blackheath,E05013715,"Lewisham, unparished area",E43000213,,E99999999,London,Lewisham,London,England,Lewisham 009C,E01003202,Lewisham 009,E02000661,NHS South East London,E38000244
593461230.0,way,51.46544,0.0084358,The Blackheath Hospital Outpatient Centre,Unknown,no,hospital,SE3 9LE,SE3,0.008707,51.465393,Lewisham North,Lewisham North,E14001332,E14001332,Lewisham,E09000023,Blackheath,E05013715,"Lewisham, unparished area",E43000213,,E99999999,London,Lewisham,London,England,Lewisham 009C,E01003202,Lewisham 009,E02000661,NHS South East London,E38000244
595237922.0,way,54.8699532,-1.8432603,Shotley Bridge Hospital,Unknown,Unknown,hospital,DH8 0TR,DH8,-1.843058,54.870267,Blaydon and Consett,Blaydon and Consett,E14001106,E14001106,County Durham,E06000047,Benfieldside,E05009037,"County Durham, unparished area",E43000254,,E99999999,North East,County Durham,North East,England,County Durham 003B,E01020628,County Durham 003,E02004298,NHS North East and North Cumbria,E38000234
599017514.0,way,53.8260796,-3.0194923,Spire Fylde Coast Hospital,Spire,no,hospital,FY3 8BP,FY3,-3.019585,53.826052,Blackpool South,Blackpool South,E14001105,E14001105,Blackpool,E06000009,Park,E05015199,"Blackpool, unparished area",E43000009,,E99999999,North West,Blackpool,North West,England,Blackpool 009F,E01012722,Blackpool 009,E02002641,NHS Lancashire and South Cumbria,E38000015
620151377.0,way,51.0167441,-3.8383212,South Molton Hospital,NHS,no,hospital,EX36 4DP,EX36,-3.839455,51.017013,North Devon,North Devon,E14001387,E14001387,North Devon,E07000043,South Molton,E05012435,South Molton,E04012973,Devon,E10000008,South West,Devon,South West,England,North Devon 013D,E01020136,North Devon 013,E02004187,NHS Devon,E38000230
634962366.0,way,51.620986,-3.925616,Sancta Maria Hospital,The Healthcare Management Trust,Unknown,hospital,SA1 8FD,SA1,-3.925972,51.62099,Neath and Swansea East,Neath and Swansea East,W07000103,W07000103,Swansea,W06000011,Waterfront,W05001068,Waterfront,W04001036,,W99999999,Swansea Bay University Health Board,Swansea Bay University Health Board,,Wales,Swansea 021B,W01000850,Swansea 021,W02000188,Swansea Bay University,W11000031
640146257.0,way,50.5483402,-3.5108238,Teignmouth Hospital,Unknown,no,hospital,TQ14 9BQ,TQ14,-3.511159,50.548369,Newton Abbot,Newton Abbot,E14001381,E14001381,Teignbridge,E07000045,Teignmouth West,E05011915,Teignmouth,E04003234,Devon,E10000008,South West,Devon,South West,England,Teignbridge 010D,E01020272,Teignbridge 010,E02004210,NHS Devon,E38000230
640495338.0,way,51.5174467,-0.0599244,Royal London Hospital,Barts Health NHS Trust,yes,hospital,E1 2JL,E1,-0.060325,51.517347,Bethnal Green and Stepney,Bethnal Green and Stepney,E14001086,E14001086,Tower Hamlets,E09000030,Whitechapel,E05009336,"Tower Hamlets, unparished area",E43000220,,E99999999,London,Tower Hamlets,London,England,Tower Hamlets 021C,E01004321,Tower Hamlets 021,E02000884,NHS North East London,E38000255
646611612.0,way,56.9690806,-2.230798,Kincardine Community Hospital,Unknown,no,hospital,AB39 2NJ,AB39,-2.230805,56.969157,West Aberdeenshire and Kincardine,West Aberdeenshire and Kincardine,S14000111,S14000111,Aberdeenshire,S12000034,Stonehaven and Lower Deeside,S13002865,,S99999999,,S99999999,Grampian,Aberdeenshire Community Health Partnership,,Scotland,Stonehaven South - 04,S01006826,Stonehaven South,S02001291,Aberdeenshire Community Health Partnership,S03000013
654480339.0,way,51.4769611,0.1667663,Erith and District Hospital,Unknown,Unknown,hospital,DA8 3EE,DA8,0.166643,51.477113,Erith and Thamesmead,Erith and Thamesmead,E14001229,E14001229,Bexley,E09000004,Erith,E05011225,"Bexley, unparished area",E43000194,,E99999999,London,Bexley,London,England,Bexley 005D,E01000407,Bexley 005,E02000069,NHS South East London,E38000244
654491323.0,way,53.8322112,-1.5145005,Spire Leeds Hospital,Unknown,no,hospital,LS8 1NT,LS8,-1.513933,53.832485,Leeds North East,Leeds North East,E14001321,E14001321,Leeds,E08000035,Roundhay,E05011411,"Leeds, unparished area",E43000294,,E99999999,Yorkshire and the Humber,Leeds,Yorkshire and The Humber,England,Leeds 032B,E01011641,Leeds 032,E02002361,NHS West Yorkshire,E38000225
658241705.0,way,50.99358,-0.7352055,Midhurst Community Hospital,Sussex Community NHS Foundation Trust,no,hospital,GU29 9AW,GU29,-0.735087,50.993474,Arundel and South Downs,Arundel and South Downs,E14001067,E14001067,Chichester,E07000225,Easebourne,E05011671,Easebourne,E04009896,West Sussex,E10000032,South East Coast,West Sussex,South East,England,Chichester 004A,E01031497,Chichester 004,E02006564,NHS Sussex,E38000265
660411791.0,way,51.5228041,-0.1442135,The Portland Hospital Consulting Suite,Unknown,Unknown,hospital,W1W 5HG,W1W,-0.144349,51.52277,Cities of London and Westminster,Cities of London and Westminster,E14001172,E14001172,Westminster,E09000033,West End,E05013808,"Westminster, unparished area",E43000236,,E99999999,London,Westminster,London,England,Westminster 013A,E01004715,Westminster 013,E02000972,NHS North West London,E38000256
660624600.0,way,51.2046649,-4.1246883,Ilfracombe Tyrrell Hospital,Unknown,no,hospital,EX34 8JF,EX34,-4.12442,51.204514,North Devon,North Devon,E14001387,E14001387,North Devon,E07000043,Ilfracombe West,E05012426,Ilfracombe,E04003095,Devon,E10000008,South West,Devon,South West,England,North Devon 003B,E01020116,North Devon 003,E02004177,NHS Devon,E38000230
661439833.0,way,56.1280149,-3.1606656,Whyteman's Brae Hospital,NHS Fife,no,hospital,KY1 2ND,KY1,-3.160324,56.127532,Cowdenbeath and Kirkcaldy,Cowdenbeath and Kirkcaldy,S14000071,S14000071,Fife,S12000047,Kirkcaldy East,S13002956,,S99999999,,S99999999,Fife,Kirkcaldy and Levenmouth Community Health Partnership,,Scotland,Smeaton South,S01009522,Kirkcaldy Hayfield and Smeaton,S02001793,Kirkcaldy & Levenmouth Community Health Partnership,S03000008
662701324.0,way,52.2433383,-3.3767912,Cottage Hospital Llandrindod Wells,Unknown,no,hospital,LD1 5LA,LD1,-3.376134,52.24278,"Brecon, Radnor and Cwm Tawe","Brecon, Radnor and Cwm Tawe",W07000085,W07000085,Powys,W06000023,Llandrindod South,W05001143,Llandrindod Wells,W04000293,,W99999999,Powys Teaching Health Board,Powys Teaching Health Board,,Wales,Powys 013A,W01000454,Powys 013,W02000109,Powys Teaching,W11000024
662702118.0,way,51.833163,-2.9955648,Maindiff Court Hospital,Unknown,no,hospital,NP7 8NF,NP7,-2.994931,51.832908,Monmouthshire,Monmouthshire,W07000101,W07000101,Monmouthshire,W06000021,Mardy,W05001784,Llantilio Pertholey,W04001071,,W99999999,Aneurin Bevan University Health Board,Aneurin Bevan University Health Board,,Wales,Monmouthshire 001D,W01001571,Monmouthshire 001,W02000336,Aneurin Bevan University,W11000028
664887482.0,way,55.2004365,-6.257831,Dalriada Hospital,Unknown,Unknown,hospital,BT54 6BA,BT54,-6.257979,55.199972,North Antrim,North Antrim,N05000012,N05000012,Causeway Coast and Glens,N09000004,Ballycastle,N08000404,,N99999999,,N99999999,Health & Social Care Board,Northern,,Northern Ireland,Glentaisie & Kinbane,95UU99C6,,N99999999,Northern,ZC020
664944740.0,way,51.6392087,-2.6864582,Chepstow Community Hospital,Unknown,Unknown,hospital,NP16 5XP,NP16,-2.68619,51.639296,Monmouthshire,Monmouthshire,W07000101,W07000101,Monmouthshire,W06000021,Mount Pleasant,W05001786,Chepstow,W04001060,,W99999999,Aneurin Bevan University Health Board,Aneurin Bevan University Health Board,,Wales,Monmouthshire 007D,W01001586,Monmouthshire 007,W02000342,Aneurin Bevan University,W11000028
664945220.0,way,54.6584835,-5.6628391,Bangor Community Hospital,Unknown,Unknown,hospital,BT20 4TA,BT20,-5.662372,54.658282,North Down,North Down,N05000013,N05000013,Ards and North Down,N09000011,Broadway,N08001108,,N99999999,,N99999999,Health & Social Care Board,South Eastern,,Northern Ireland,Bangor Castle,95XX05W1,,N99999999,South Eastern,ZC040
672193959.0,way,52.4130778,0.2756768,Princess of Wales Hospital,Unknown,Unknown,Unknown,CB6 1DN,CB6,0.275488,52.413145,Ely and East Cambridgeshire,Ely and East Cambridgeshire,E14001224,E14001224,East Cambridgeshire,E07000009,Ely North,E05011564,Ely,E04012829,Cambridgeshire,E10000003,East of England,Cambridgeshire,East of England,England,East Cambridgeshire 003A,E01018027,East Cambridgeshire 003,E02003734,NHS Cambridgeshire and Peterborough,E38000260
672500310.0,way,52.1901335,0.1237579,Nuffield Health Cambridge Hospital,Nuffield Health,no,hospital,CB2 8AF,CB2,0.123963,52.190043,Cambridge,Cambridge,E14001149,E14001149,Cambridge,E07000008,Trumpington,E05013062,"Cambridge, unparished area",E43000042,Cambridgeshire,E10000003,East of England,Cambridgeshire,East of England,England,Cambridge 012E,E01032794,Cambridge 012,E02003730,NHS Cambridgeshire and Peterborough,E38000260
676889314.0,way,51.7712452,-0.2364681,One Hatfield Hospital,Unknown,no,hospital,AL10 9UA,AL10,-0.235367,51.771134,Welwyn Hatfield,Welwyn Hatfield,E14001573,E14001573,Welwyn Hatfield,E07000241,Hatfield Villages,E05011064,Hatfield,E04004819,Hertfordshire,E10000015,East of England,Hertfordshire,East of England,England,Welwyn Hatfield 010E,E01033308,Welwyn Hatfield 010,E02004989,NHS Hertfordshire and West Essex,E38000049
681360352.0,way,52.452536,-3.539661,Llanidloes War Memorial Hospital,Unknown,no,hospital,SY18 6HF,SY18,-3.539641,52.452506,Montgomeryshire and Glyndwr,Montgomeryshire and Glyndwr,W07000102,W07000102,Powys,W06000023,Llanidloes,W05001153,Llanidloes,W04000315,,W99999999,Powys Teaching Health Board,Powys Teaching Health Board,,Wales,Powys 010D,W01000467,Powys 010,W02000106,Powys Teaching,W11000024
681367578.0,way,51.2388558,-2.9942266,Burnham-on-Sea War Memorial Hospital,Unknown,no,hospital,TA8 1ED,TA8,-2.993884,51.238794,Bridgwater,Bridgwater,E14001126,E14001126,Somerset,E06000066,Burnham on Sea North,E05014348,Burnham-on-Sea and Highbridge,E04008611,,E99999999,South West,Somerset,South West,England,Sedgemoor 004B,E01029116,Sedgemoor 004,E02006064,NHS Somerset,E38000150
685970109.0,way,51.2809802,-1.1109073,Basingstoke and North Hampshire Hospital,Unknown,yes,hospital,RG24 9NB,RG24,-1.111273,51.281515,North West Hampshire,North West Hampshire,E14001403,E14001403,Basingstoke and Deane,E07000084,Sherborne St John & Rooksdown,E05013090,Rooksdown,E04004489,Hampshire,E10000014,South Central,Hampshire,South East,England,Basingstoke and Deane 010F,E01032840,Basingstoke and Deane 010,E02004684,NHS Hampshire and Isle of Wight,E38000253
686695668.0,way,51.140196,-0.9894502,Alton Community Hospital,Unknown,Unknown,hospital,GU34 1RJ,GU34,-0.98982,51.140744,East Hampshire,East Hampshire,E14001214,E14001214,East Hampshire,E07000085,Alton Whitedown,E05012295,Alton,E04004490,Hampshire,E10000014,South Central,Hampshire,South East,England,East Hampshire 003E,E01022578,East Hampshire 003,E02004699,NHS Hampshire and Isle of Wight,E38000253
690856580.0,way,53.8421241,-1.4743557,Leeds Private Hospital,Unknown,no,hospital,LS17 8NB,LS17,-1.474306,53.842187,Leeds East,Leeds East,E14001320,E14001320,Leeds,E08000035,Cross Gates & Whinmoor,E05011391,"Leeds, unparished area",E43000294,,E99999999,Yorkshire and the Humber,Leeds,Yorkshire and The Humber,England,Leeds 029A,E01011714,Leeds 029,E02002358,NHS West Yorkshire,E38000225
699934188.0,way,51.5332691,-0.1749786,Hospital of St John and St Elizabeth,Unknown,Unknown,hospital,NW8 9NH,NW8,-0.175461,51.533473,Cities of London and Westminster,Cities of London and Westminster,E14001172,E14001172,Westminster,E09000033,Abbey Road,E05013792,"Westminster, unparished area",E43000236,,E99999999,London,Westminster,London,England,Westminster 001B,E01004649,Westminster 001,E02000960,NHS North West London,E38000256
701767451.0,way,54.6567286,-2.7429899,Penrith Hospital,Unknown,Unknown,hospital,CA11 8HX,CA11,-2.743275,54.656994,Penrith and Solway,Penrith and Solway,E14001424,E14001424,Westmorland and Furness,E06000064,Penrith South,E05014243,Penrith,E04012411,,E99999999,North West,Cumbria Teaching,North West,England,Eden 003B,E01019332,Eden 003,E02004010,NHS North East and North Cumbria,E38000215
707322577.0,way,51.5032347,-0.0868297,Guy's Hospital,Guy's and St Thomas' NHS Foundation Trust,no,hospital,SE1 9RT,SE1,-0.086771,51.503331,Bermondsey and Old Southwark,Bermondsey and Old Southwark,E14001085,E14001085,Southwark,E09000028,London Bridge & West Bermondsey,E05011104,"Southwark, unparished area",E43000218,,E99999999,London,Southwark,London,England,Southwark 006F,E01003981,Southwark 006,E02000812,NHS South East London,E38000244
712499976.0,way,55.9172049,-4.4777956,Erskine Hospital,Unknown,Unknown,hospital,PA7 5PU,PA7,-4.47779,55.917132,Paisley and Renfrewshire North,Paisley and Renfrewshire North,S14000101,S14000101,Renfrewshire,S12000038,"Bishopton, Bridge of Weir and Langbank",S13003085,,S99999999,,S99999999,Greater Glasgow and Clyde,Renfrewshire Community Health Partnership,,Scotland,Renfrewshire Rural North and Langbank - 02,S01012029,Renfrewshire Rural North and Langbank,S02002256,Renfrewshire Community Health Partnership,S03000020
715548760.0,way,51.8795775,0.5408639,Braintree Community Hospital,NHS,no,hospital,CM7 2QU,CM7,0.541215,51.879566,Braintree,Braintree,E14001121,E14001121,Braintree,E07000067,Bocking South,E05010367,"Braintree, unparished area",E43000267,Essex,E10000012,East of England,Mid Essex,East of England,England,Braintree 009D,E01021365,Braintree 009,E02004454,NHS Mid and South Essex,E38000106
729541494.0,way,51.3610152,1.0505891,Whitstable and Tankerton Hospital,Unknown,no,Unknown,CT5 2HL,CT5,1.050779,51.360626,Canterbury,Canterbury,E14001151,E14001151,Canterbury,E07000106,Swalecliffe,E05010407,"Canterbury, unparished area",E43000269,Kent,E10000016,South East Coast,Eastern and Coastal Kent,South East,England,Canterbury 005E,E01024115,Canterbury 005,E02005014,NHS Kent and Medway,E38000237
733760365.0,way,51.1064435,-0.8622125,Chase Hospital,Unknown,Unknown,hospital,GU35 0YZ,GU35,-0.862048,51.106167,Farnham and Bordon,Farnham and Bordon,E14001234,E14001234,East Hampshire,E07000085,Whitehill Chase,E05012318,Whitehill,E04004524,Hampshire,E10000014,South Central,Hampshire,South East,England,East Hampshire 006B,E01022633,East Hampshire 006,E02004702,NHS Hampshire and Isle of Wight,E38000253
733920909.0,way,55.8287339,-4.2635262,New Victoria Hospital,Unknown,Unknown,hospital,G42 9LL,G42,-4.263395,55.828417,Glasgow South,Glasgow South,S14000087,S14000087,Glasgow City,S12000049,Langside,S13002973,,S99999999,,S99999999,Greater Glasgow and Clyde,Glasgow City Community Health Partnership,,Scotland,Battlefield - 06,S01009904,Battlefield,S02001867,Glasgow City Community Health & Care Partnership,S03000043
737723725.0,way,54.9511681,-4.4919239,Newton Stuart Hospital,NHS Dumfries and Galloway,no,hospital,DG8 6LZ,DG8,-4.49183,54.95109,Dumfries and Galloway,Dumfries and Galloway,S14000073,S14000073,Dumfries and Galloway,S12000006,Mid Galloway and Wigtown West,S13002881,,S99999999,,S99999999,Dumfries and Galloway,Dumfries and Galloway Community Health Partnership,,Scotland,Newton Stewart - 01,S01007513,Newton Stewart,S02001412,Dumfries & Galloway Community Health Partnership,S03000005
739677412.0,way,57.4432539,-2.790969,Jubilee Hospital,Unknown,Unknown,hospital,AB54 8EX,AB54,-2.790357,57.44321,Gordon and Buchan,Gordon and Buchan,S14000091,S14000091,Aberdeenshire,S12000034,"Huntly, Strathbogie and Howe of Alford",S13002861,,S99999999,,S99999999,Grampian,Aberdeenshire Community Health Partnership,,Scotland,Huntly - 03,S01007010,Huntly,S02001321,Aberdeenshire Community Health Partnership,S03000013
739677537.0,way,57.5370745,-2.4508696,Turriff Cottage Hospital,Unknown,no,hospital,AB53 4DA,AB53,-2.450388,57.537504,Gordon and Buchan,Gordon and Buchan,S14000091,S14000091,Aberdeenshire,S12000034,Turriff and District,S13002854,,S99999999,,S99999999,Grampian,Aberdeenshire Community Health Partnership,,Scotland,Turriff - 05,S01007021,Turriff,S02001323,Aberdeenshire Community Health Partnership,S03000013
739678186.0,way,57.6457305,-3.3293596,Dr Gray's Hospital,Unknown,yes,hospital,IV30 1SN,IV30,-3.329945,57.645375,"Moray West, Nairn and Strathspey","Moray West, Nairn and Strathspey",S14000098,S14000098,Moray,S12000020,Elgin City South,S13003030,,S99999999,,S99999999,Grampian,Moray Community Health and Social Care Partnership,,Scotland,Elgin Central West - 03,S01011119,Elgin Central West,S02002087,Moray Community Health & Social Care Partnership,S03000014
739678903.0,way,57.5419761,-2.9552693,Turner Memorial Hospital,Unknown,no,hospital,AB55 5FR,AB55,-2.955506,57.541347,Aberdeenshire North and Moray East,Aberdeenshire North and Moray East,S14000062,S14000062,Moray,S12000020,Keith and Cullen,S13003025,,S99999999,,S99999999,Grampian,Moray Community Health and Social Care Partnership,,Scotland,Keith and Fife Keith - 03,S01011062,Keith and Fife Keith,S02002076,Moray Community Health & Social Care Partnership,S03000014
739879764.0,way,55.8489087,-4.0260977,Coathill Hospital,Unknown,no,hospital,ML5 4DN,ML5,-4.025933,55.848628,Coatbridge and Bellshill,Coatbridge and Bellshill,S14000070,S14000070,North Lanarkshire,S12000050,Coatbridge South,S13003052,,S99999999,,S99999999,Lanarkshire,North Lanarkshire Community Health Partnership,,Scotland,Dundyvan - 02,S01011570,Dundyvan,S02002171,North Lanarkshire Community Health Partnership,S03000029
739923778.0,way,55.9487907,-4.5946198,Dumbarton Joint Hospital,Unknown,no,hospital,G82 5JA,G82,-4.593938,55.948049,West Dunbartonshire,West Dunbartonshire,S14000106,S14000106,West Dunbartonshire,S12000039,Dumbarton,S13003124,,S99999999,,S99999999,Greater Glasgow and Clyde,West Dunbartonshire Community Health and Care Partnership,,Scotland,IZ13 - 04,S01013202,IZ13,S02002472,West Dunbartonshire Community Health Partnership,S03000023
755462775.0,way,51.6775464,-4.7028074,Tenby Cottage Hospital,Unknown,Unknown,hospital,SA70 8AG,SA70,-4.702439,51.677206,Mid and South Pembrokeshire,Mid and South Pembrokeshire,W07000100,W07000100,Pembrokeshire,W06000009,Tenby: North,W05001488,Tenby,W04001032,,W99999999,Hywel Dda University Health Board,Hywel Dda University Health Board,,Wales,Pembrokeshire 016B,W01000619,Pembrokeshire 016,W02000141,Hywel Dda University,W11000025
758707231.0,way,51.5068757,-3.1894506,University Hospital of Wales,Unknown,Unknown,hospital,CF14 4XW,CF14,-3.189855,51.507156,Cardiff North,Cardiff North,W07000090,W07000090,Cardiff,W06000015,Heath,W05001280,Heath,W04000848,,W99999999,Cardiff and Vale University Health Board,Cardiff and Vale University Health Board,,Wales,Cardiff 018B,W01001770,Cardiff 018,W02000384,Cardiff and Vale University,W11000029
765720776.0,way,53.9433354,-1.1055697,St Helen's Rehabilitation Hospital,York NHS Trust,no,rehabilitation,YO24 1HD,YO24,-1.106481,53.943656,York Outer,York Outer,E14001605,E14001605,York,E06000014,Dringhouses & Woodthorpe,E05010315,"York, unparished area",E43000013,,E99999999,Yorkshire and the Humber,North Yorkshire and York,Yorkshire and The Humber,England,York 021B,E01013358,York 021,E02002792,NHS Humber and North Yorkshire,E38000188
765751750.0,way,52.2520408,-1.1607954,Danetre Community Hospital,Northamptonshire Healthcare NHS Foundation Trust,Unknown,hospital,NN11 4DY,NN11,-1.160866,52.25204,Daventry,Daventry,E14001192,E14001192,West Northamptonshire,E06000062,Daventry East,E05013248,Daventry,E04013014,,E99999999,East Midlands,Northamptonshire Teaching,East Midlands,England,Daventry 007C,E01026991,Daventry 007,E02005625,NHS Northamptonshire,E38000262
765757134.0,way,53.991534,-1.0649858,Mill Lodge Hospital,Leeds and York Partnership NHS Foundation Trust,Unknown,hospital,YO32 9GA,YO32,-1.06358,53.991253,York Outer,York Outer,E14001605,E14001605,York,E06000014,Huntington & New Earswick,E05010324,Huntington,E04000608,,E99999999,Yorkshire and the Humber,North Yorkshire and York,Yorkshire and The Humber,England,York 004A,E01013404,York 004,E02002775,NHS Humber and North Yorkshire,E38000188
769421987.0,way,53.3698452,-3.0955068,Arrowe Park Hospital,Unknown,Unknown,hospital,CH49 5PE,CH49,-3.096815,53.36964,Wirral West,Wirral West,E14001589,E14001589,Wirral,E08000015,Pensby and Thingwall,E05000969,"Wirral, unparished area",E43000169,,E99999999,North West,Wirral,North West,England,Wirral 025B,E01007251,Wirral 025,E02001491,NHS Cheshire and Merseyside,E38000208
770595542.0,way,54.8793425,-1.5595674,Spire Washington Hospital,Spire Healthcare,no,hospital,NE38 9JZ,NE38,-1.559116,54.879364,Washington and Gateshead South,Washington and Gateshead South,E14001567,E14001567,Sunderland,E08000024,Washington South,E05001176,"Sunderland, unparished area",E43000178,,E99999999,North East,Sunderland Teaching,North East,England,Sunderland 025E,E01008864,Sunderland 025,E02001815,NHS North East and North Cumbria,E38000176
771008040.0,way,57.154806,-2.1170945,Royal Cornhill Hospital,NHS Grampian,Unknown,hospital,AB25 2ZH,AB25,-2.117216,57.154271,Aberdeen North,Aberdeen North,S14000060,S14000060,Aberdeen City,S12000033,Midstocket/Rosemount,S13002841,,S99999999,,S99999999,Grampian,Aberdeen City Community Health Partnership,,Scotland,Ashgrove - 03,S01006655,Ashgrove,S02001262,Aberdeen City Community Health Partnership,S03000012
772408420.0,way,51.8681033,-4.2845401,Ysbyty Cyffredinol Glangwili / Glangwili General Hospital,Hywel Dda Local Health Board,Unknown,hospital,SA31 2AF,SA31,-4.284737,51.867524,Caerfyrddin,Caerfyrddin,W07000087,W07000087,Carmarthenshire,W06000010,Carmarthen Town North and South,W05001183,Carmarthen,W04000494,,W99999999,Hywel Dda University Health Board,Hywel Dda University Health Board,,Wales,Carmarthenshire 007D,W01000640,Carmarthenshire 007,W02000148,Hywel Dda University,W11000025
790542676.0,way,51.0872536,0.6168441,Benenden Hospital,Unknown,Unknown,hospital,TN17 4AX,TN17,0.6161,51.086649,Weald of Kent,Weald of Kent,E14001570,E14001570,Tunbridge Wells,E07000116,"Hawkhurst, Sandhurst & Benenden",E05015806,Benenden,E04005116,Kent,E10000016,South East Coast,West Kent,South East,England,Tunbridge Wells 014A,E01024789,Tunbridge Wells 014,E02005175,NHS Kent and Medway,E38000237
797652531.0,way,51.5735888,-0.7704981,Marlow Community Hospital,Unknown,Unknown,hospital,SL7 1DJ,SL7,-0.77043,51.573569,Beaconsfield,Beaconsfield,E14001082,E14001082,Buckinghamshire,E06000060,Marlow,E05013153,Marlow,E04001610,,E99999999,South Central,Buckinghamshire,South East,England,Wycombe 023A,E01017895,Wycombe 023,E02003718,"NHS Buckinghamshire, Oxfordshire and Berkshire West",E38000223
806270442.0,way,51.4529708,-3.1885139,Nuffield Health Cardiff Bay Hospital,Nuffield Health,Unknown,hospital,CF11 0BA,CF11,-3.187195,51.452826,Cardiff South and Penarth,Cardiff South and Penarth,W07000091,W07000091,Cardiff,W06000015,Grangetown,W05001279,Grangetown,W04000847,,W99999999,Cardiff and Vale University Health Board,Cardiff and Vale University Health Board,,Wales,Cardiff 048E,W01001947,Cardiff 048,W02000422,Cardiff and Vale University,W11000029
813124398.0,way,57.3367525,-3.6043861,Ian Charles Hospital,Unknown,Unknown,hospital,PH26 3HR,PH26,-3.604327,57.337158,"Moray West, Nairn and Strathspey","Moray West, Nairn and Strathspey",S14000098,S14000098,Highland,S12000017,Badenoch and Strathspey,S13003009,,S99999999,,S99999999,Highland,Highland Health and Social Care Partnership,,Scotland,Badenoch and Strathspey North - 05,S01010546,Badenoch and Strathspey North,S02001984,Highland Health and Social Care Partnership,S03000044
813407521.0,way,51.2260431,-0.3330255,Dorking Community Hospital,Surrey Downs Health and Care,no,hospital,RH4 2AA,RH4,-0.332941,51.225789,Dorking and Horley,Dorking and Horley,E14001201,E14001201,Mole Valley,E07000210,Dorking South,E05015348,"Mole Valley, unparished area",E43000139,Surrey,E10000030,South East Coast,Surrey,South East,England,Mole Valley 010A,E01030535,Mole Valley 010,E02006371,NHS Surrey Heartlands,E38000264
813658481.0,way,50.802268,-1.9956303,Victoria Hospital Wimborne,Unknown,no,hospital,BH21 1ER,BH21,-1.995918,50.802195,Mid Dorset and North Poole,Mid Dorset and North Poole,E14001363,E14001363,Dorset,E06000059,Wimborne Minster,E05012730,Wimborne Minster,E04012464,,E99999999,South West,Dorset,South West,England,East Dorset 010C,E01020428,East Dorset 010,E02004252,NHS Dorset,E38000045
813962581.0,way,51.8085341,-3.9240195,Amman Valley Hospital,Unknown,no,Unknown,SA18 2BQ,SA18,-3.923617,51.808289,Caerfyrddin,Caerfyrddin,W07000087,W07000087,Carmarthenshire,W06000010,Glanamman,W05001192,Cwmamman,W04000499,,W99999999,Hywel Dda University Health Board,Hywel Dda University Health Board,,Wales,Carmarthenshire 010C,W01000658,Carmarthenshire 010,W02000151,Hywel Dda University,W11000025
814568642.0,way,57.1540881,-2.0881012,City Hospital,NHS Grampian,Unknown,hospital,AB24 5NY,AB24,-2.088779,57.154391,Aberdeen South,Aberdeen South,S14000061,S14000061,Aberdeen City,S12000033,George St/Harbour,S13002842,,S99999999,,S99999999,Grampian,Aberdeen City Community Health Partnership,,Scotland,Hanover North - 01,S01006641,Hanover North,S02001260,Aberdeen City Community Health Partnership,S03000012
815844230.0,way,50.8543623,-0.5654097,Arundel & District Community Hospital,Unknown,no,hospital,BN18 0AB,BN18,-0.565259,50.854475,Arundel and South Downs,Arundel and South Downs,E14001067,E14001067,Arun,E07000224,Arundel & Walberton,E05009803,Arundel,E04009852,West Sussex,E10000032,South East Coast,West Sussex,South East,England,Arun 001A,E01031390,Arun 001,E02006542,NHS Sussex,E38000265
821710065.0,way,51.4952203,-0.1911413,Cromwell Hospital,BUPA,Unknown,hospital,SW5 0TU,SW5,-0.191361,51.495107,Kensington and Bayswater,Kensington and Bayswater,E14001310,E14001310,Kensington and Chelsea,E09000020,Abingdon,E05009388,"Kensington and Chelsea, unparished area",E43000210,,E99999999,London,Kensington and Chelsea,London,England,Kensington and Chelsea 013A,E01002812,Kensington and Chelsea 013,E02000589,NHS North West London,E38000256
827894583.0,way,50.9547893,-4.137064,Torrington Community Hospital,Unknown,no,hospital,EX38 7BJ,EX38,-4.136969,50.954726,Torridge and Tavistock,Torridge and Tavistock,E14001552,E14001552,Torridge,E07000046,Great Torrington,E05011922,Great Torrington,E04003263,Devon,E10000008,South West,Devon,South West,England,Torridge 006D,E01020307,Torridge 006,E02004225,NHS Devon,E38000230
833201881.0,way,51.5196063,-0.1496613,University College Hospital at Westmoreland Street,University College London Hospitals NHS Foundation Trust,no,hospital,W1G 8PH,W1G,-0.149768,51.519582,Cities of London and Westminster,Cities of London and Westminster,E14001172,E14001172,Westminster,E09000033,Marylebone,E05013801,"Westminster, unparished area",E43000236,,E99999999,London,Westminster,London,England,Westminster 011A,E01004713,Westminster 011,E02000970,NHS North West London,E38000256
839082146.0,way,51.2742276,-0.0806041,North Downs Hospital,Unknown,Unknown,Unknown,CR3 6DT,CR3,-0.079883,51.273577,East Surrey,East Surrey,E14001215,E14001215,Tandridge,E07000215,Harestone,E05015890,Caterham Valley,E04009597,Surrey,E10000030,South East Coast,Surrey,South East,England,Tandridge 004B,E01030829,Tandridge 004,E02006431,NHS Surrey Heartlands,E38000264
839142057.0,way,51.3442848,-0.1912482,Royal Marsden Hospital,Unknown,Unknown,hospital,SM2 5PT,SM2,-0.191089,51.343477,Sutton and Cheam,Sutton and Cheam,E14001534,E14001534,Sutton,E09000029,Belmont,E05013755,"Sutton, unparished area",E43000219,,E99999999,London,Sutton and Merton,London,England,Sutton 022A,E01004091,Sutton 022,E02000861,NHS South West London,E38000245
854599317.0,way,51.3224266,-2.9725604,Weston General Hospital,Unknown,yes,hospital,BS23 4TS,BS23,-2.973319,51.322912,Weston-super-Mare,Weston-super-Mare,E14001581,E14001581,North Somerset,E06000024,Weston-super-Mare Uphill,E05010305,Weston-super-Mare,E04012104,,E99999999,South West,North Somerset,South West,England,North Somerset 025A,E01014803,North Somerset 025,E02003089,"NHS Bristol, North Somerset and South Gloucestershire",E38000222
855389355.0,way,51.4256938,-0.3410941,Teddington Memorial Hospital,Unknown,no,hospital,TW11 0JL,TW11,-0.340999,51.425838,Twickenham,Twickenham,E14001556,E14001556,Richmond upon Thames,E09000027,Teddington,E05013788,"Richmond upon Thames, unparished area",E43000217,,E99999999,London,Richmond and Twickenham,London,England,Richmond upon Thames 021C,E01003888,Richmond upon Thames 021,E02000804,NHS South West London,E38000245
860630821.0,way,52.6949135,-2.2400093,Huntercombe Hospital Stafford,Unknown,no,hospital,ST19 9FN,ST19,-2.241013,52.694408,"Stone, Great Wyrley and Penkridge","Stone, Great Wyrley and Penkridge",E14001523,E14001523,South Staffordshire,E07000196,"Lapley, Stretton & Wheaton Aston",E05015065,"Lapley, Stretton and Wheaton Aston",E04008972,Staffordshire,E10000028,West Midlands,South Staffordshire,West Midlands,England,South Staffordshire 003C,E01029668,South Staffordshire 003,E02006176,NHS Staffordshire and Stoke-on-Trent,E38000173
863515003.0,way,51.7044115,0.1240188,Saint Margaret's Hospital,Unknown,Unknown,hospital,CM16 6TN,CM16,0.12393,51.704295,Epping Forest,Epping Forest,E14001226,E14001226,Epping Forest,E07000072,Epping East,E05015727,Epping,E04004015,Essex,E10000012,East of England,West Essex,East of England,England,Epping Forest 005B,E01021761,Epping Forest 005,E02004531,NHS Hertfordshire and West Essex,E38000197
865404236.0,way,57.1983086,-3.8223906,Badenoch and Strathspey Community Hospital,NHS Highland,no,hospital,PH22 1AJ,PH22,-3.822834,57.198053,"Moray West, Nairn and Strathspey","Moray West, Nairn and Strathspey",S14000098,S14000098,Highland,S12000017,Badenoch and Strathspey,S13003009,,S99999999,,S99999999,Highland,Highland Health and Social Care Partnership,,Scotland,Badenoch and Strathspey Central - 04,S01010539,Badenoch and Strathspey Central,S02001983,Highland Health and Social Care Partnership,S03000044
872044524.0,way,51.4157617,-0.2541802,New Victoria Hospital,Unknown,no,hospital,KT2 7EG,KT2,-0.254289,51.415694,Richmond Park,Richmond Park,E14001445,E14001445,Kingston upon Thames,E09000021,Coombe Hill,E05013932,"Kingston upon Thames, unparished area",E43000211,,E99999999,London,Kingston,London,England,Kingston upon Thames 002B,E01002953,Kingston upon Thames 002,E02000599,NHS South West London,E38000245
875853856.0,way,51.5427247,-0.5720396,Spire Thames Valley Hospital,Spire Healthcare Group plc,no,hospital,SL3 6NH,SL3,-0.572415,51.542787,Beaconsfield,Beaconsfield,E14001082,E14001082,Buckinghamshire,E06000060,Stoke Poges and Wexham,E05013158,Wexham,E04001591,,E99999999,South Central,Buckinghamshire,South East,England,South Bucks 005D,E01017834,South Bucks 005,E02003692,"NHS Buckinghamshire, Oxfordshire and Berkshire West",E38000223
877852968.0,way,53.4462204,-2.6354844,Newton Community Hospital,NHS,Unknown,hospital,WA12 8RB,WA12,-2.635267,53.445979,St Helens North,St Helens North,E14001509,E14001509,St. Helens,E08000013,Newton-le-Willows East,E05014126,"St. Helens, unparished area",E43000278,,E99999999,North West,Halton and St Helens,North West,England,St. Helens 015E,E01006860,St. Helens 015,E02001420,NHS Cheshire and Merseyside,E38000172
881918254.0,way,51.4843905,-0.1814395,Chelsea and Westminster Hospital,Unknown,yes,hospital,SW10 9TR,SW10,-0.181459,51.484251,Chelsea and Fulham,Chelsea and Fulham,E14001160,E14001160,Kensington and Chelsea,E09000020,Stanley,E05009405,"Kensington and Chelsea, unparished area",E43000210,,E99999999,London,Kensington and Chelsea,London,England,Kensington and Chelsea 020E,E01002912,Kensington and Chelsea 020,E02000596,NHS North West London,E38000256
888717352.0,way,51.4899939,-0.1741702,Royal Brompton Hospital,Unknown,Unknown,hospital,SW3 6HP,SW3,-0.17396,51.490268,Chelsea and Fulham,Chelsea and Fulham,E14001160,E14001160,Kensington and Chelsea,E09000020,Stanley,E05009405,"Kensington and Chelsea, unparished area",E43000210,,E99999999,London,Kensington and Chelsea,London,England,Kensington and Chelsea 019C,E01002910,Kensington and Chelsea 019,E02000595,NHS North West London,E38000256
890260749.0,way,52.6715531,-0.7371368,Rutland Memorial Hospital,Unknown,Unknown,hospital,LE15 6NT,LE15,-0.737539,52.670802,Rutland and Stamford,Rutland and Stamford,E14001458,E14001458,Rutland,E06000017,Oakham North West,E05012642,Oakham,E04012676,,E99999999,East Midlands,Leicestershire County and Rutland,East Midlands,England,Rutland 002C,E01013801,Rutland 002,E02002864,"NHS Leicester, Leicestershire and Rutland",E38000051
900699923.0,way,50.818319,-4.3498021,Holsworthy Hospital,Unknown,Unknown,hospital,EX22 6JQ,EX22,-4.349661,50.81832,Torridge and Tavistock,Torridge and Tavistock,E14001552,E14001552,Torridge,E07000046,Holsworthy,E05011924,Holsworthy,E04003268,Devon,E10000008,South West,Devon,South West,England,Torridge 008B,E01020293,Torridge 008,E02004227,NHS Devon,E38000230
900722316.0,way,53.2621659,-2.142117,Macclesfield District General Hospital,Unknown,Unknown,hospital,SK10 3BL,SK10,-2.141074,53.262321,Macclesfield,Macclesfield,E14001347,E14001347,Cheshire East,E06000049,Broken Cross and Upton,E05008615,Macclesfield,E04013192,,E99999999,North West,Central and Eastern Cheshire,North West,England,Cheshire East 017B,E01018616,Cheshire East 017,E02003869,NHS Cheshire and Merseyside,E38000233
900727609.0,way,51.9481012,0.6382035,Halstead Hospital,Unknown,Unknown,Unknown,CO9 2DL,CO9,0.637952,51.948094,Braintree,Braintree,E14001121,E14001121,Braintree,E07000067,Halstead St Andrew's,E05012962,Halstead,E04012931,Essex,E10000012,East of England,Mid Essex,East of England,England,Braintree 004B,E01021388,Braintree 004,E02004449,NHS Mid and South Essex,E38000106
900729250.0,way,51.9062672,0.89532,Oaks Hospital,Unknown,Unknown,hospital,CO4 5XR,CO4,0.894979,51.906301,Colchester,Colchester,E14001176,E14001176,Colchester,E07000071,Mile End,E05010834,Myland,E04012280,Essex,E10000012,East of England,North East Essex,East of England,England,Colchester 004B,E01021680,Colchester 004,E02004509,NHS Suffolk and North East Essex,E38000117
900747901.0,way,51.8207711,-0.8159702,Royal Buckinghamshire Hospital,Unknown,Unknown,hospital,HP19 9AB,HP19,-0.815918,51.820722,Aylesbury,Aylesbury,E14001071,E14001071,Buckinghamshire,E06000060,Aylesbury North West,E05013125,Aylesbury,E04001559,,E99999999,South Central,Buckinghamshire,South East,England,Aylesbury Vale 013B,E01017666,Aylesbury Vale 013,E02003664,"NHS Buckinghamshire, Oxfordshire and Berkshire West",E38000223
900761980.0,way,51.4375862,-2.8469817,Clevedon Community Hospital,NHS,Unknown,hospital,BS21 7LU,BS21,-2.847317,51.437999,North Somerset,North Somerset,E14001399,E14001399,North Somerset,E06000024,Clevedon East,E05010279,Clevedon,E04001011,,E99999999,South West,North Somerset,South West,England,North Somerset 007C,E01014753,North Somerset 007,E02003071,"NHS Bristol, North Somerset and South Gloucestershire",E38000222
900802267.0,way,50.8747987,-2.9521486,Chard Community Hospital,Unknown,Unknown,hospital,TA20 1YA,TA20,-2.952122,50.874557,Yeovil,Yeovil,E14001603,E14001603,Somerset,E06000066,Chard North,E05014351,Chard Town,E04008675,,E99999999,South West,Somerset,South West,England,South Somerset 023A,E01029170,South Somerset 023,E02006097,NHS Somerset,E38000150
902050280.0,way,51.5802535,0.1112641,King George Hospital,Unknown,yes,hospital,IG3 8YB,IG3,0.112107,51.580545,Ilford South,Ilford South,E14001301,E14001301,Redbridge,E09000026,Seven Kings,E05011251,"Redbridge, unparished area",E43000216,,E99999999,London,Redbridge,London,England,Redbridge 022B,E01003770,Redbridge 022,E02000772,NHS North East London,E38000255
902053803.0,way,51.5541559,0.7272361,Wellesley Hospital,Spire Healthcare,Unknown,hospital,SS2 4XH,SS2,0.727589,51.554395,Southend West and Leigh,Southend West and Leigh,E14001502,E14001502,Southend-on-Sea,E06000033,St. Luke's,E05002221,"Southend-on-Sea, unparished area",E43000028,,E99999999,East of England,South East Essex,East of England,England,Southend-on-Sea 006C,E01015871,Southend-on-Sea 006,E02003284,NHS Mid and South Essex,E38000168
904874618.0,way,51.4492355,0.0537202,Eltham Community Hospital,Unknown,Unknown,hospital,SE9 5DQ,SE9,0.053714,51.449946,Eltham and Chislehurst,Eltham and Chislehurst,E14001223,E14001223,Greenwich,E09000011,Eltham Town & Avery Hill,E05014079,"Greenwich, unparished area",E43000201,,E99999999,London,Greenwich Teaching,London,England,Greenwich 028C,E01001615,Greenwich 028,E02000340,NHS South East London,E38000244
907491180.0,way,51.5311988,-3.1415381,Spire Cardiff Hospital,Unknown,Unknown,hospital,CF23 8XL,CF23,-3.141758,51.531147,Cardiff North,Cardiff North,W07000090,W07000090,Cardiff,W06000015,Pontprennau and Old St Mellons,W05001290,Pontprennau,W04000868,,W99999999,Cardiff and Vale University Health Board,Cardiff and Vale University Health Board,,Wales,Cardiff 003D,W01001844,Cardiff 003,W02000369,Cardiff and Vale University,W11000029
907777259.0,way,52.5997912,-1.8755432,Little Aston Hospital,BUPA,no,hospital,B74 3UP,B74,-1.875583,52.599606,Tamworth,Tamworth,E14001538,E14001538,Lichfield,E07000194,Little Aston & Stonnall,E05010665,Shenstone,E04008935,Staffordshire,E10000028,West Midlands,South Staffordshire,West Midlands,England,Lichfield 011B,E01029514,Lichfield 011,E02006156,NHS Staffordshire and Stoke-on-Trent,E38000153
912368818.0,way,51.5163849,-0.2373413,Queen Charlotte's & Chelsea Hospital,Unknown,Unknown,hospital,W12 0TZ,W12,-0.237235,51.515776,Ealing Central and Acton,Ealing Central and Acton,E14001207,E14001207,Hammersmith and Fulham,E09000013,College Park & Old Oak,E05013736,"Hammersmith and Fulham, unparished area",E43000203,,E99999999,London,Hammersmith and Fulham,London,England,Hammersmith and Fulham 001C,E01001876,Hammersmith and Fulham 001,E02000372,NHS North West London,E38000256
913062230.0,way,53.8006204,-1.5542213,Nuffield Hospital,Unknown,no,hospital,LS1 3EB,LS1,-1.554272,53.800655,Leeds Central and Headingley,Leeds Central and Headingley,E14001319,E14001319,Leeds,E08000035,Little London & Woodhouse,E05011403,"Leeds, unparished area",E43000294,,E99999999,Yorkshire and the Humber,Leeds,Yorkshire and The Humber,England,Leeds 111A,E01033008,Leeds 111,E02006875,NHS West Yorkshire,E38000225
918042247.0,way,52.0078794,-3.2590169,Bronllys Community Hospital,Powys Teaching Health Board,no,hospital,LD3 0LY,LD3,-3.259069,52.007182,"Brecon, Radnor and Cwm Tawe","Brecon, Radnor and Cwm Tawe",W07000085,W07000085,Powys,W06000023,Bronllys and Felin-fach,W05001122,Bronllys,W04000256,,W99999999,Powys Teaching Health Board,Powys Teaching Health Board,,Wales,Powys 015A,W01000430,Powys 015,W02000111,Powys Teaching,W11000024
922197122.0,way,55.9208958,-3.1395955,Royal Hospital for Children and Young People,NHS Lothian,yes,hospital,EH16 4SF,EH16,-3.13882,55.92016,Edinburgh South,Edinburgh South,S14000080,S14000080,City of Edinburgh,S12000036,Liberton/Gilmerton,S13002934,,S99999999,,S99999999,Lothian,Edinburgh Community Health Partnership,,Scotland,Fernieside and Moredun South - 05,S01008568,Fernieside and Moredun South,S02001604,Edinburgh Community Health Partnership,S03000042
924861408.0,way,54.8511207,-1.5748276,Chester-le-Street Community Hospital,Unknown,no,hospital,DH3 3AT,DH3,-1.575063,54.850934,North Durham,North Durham,E14001389,E14001389,County Durham,E06000047,Chester-le-Street East,E05009043,"County Durham, unparished area",E43000254,,E99999999,North East,County Durham,North East,England,County Durham 013A,E01020594,County Durham 013,E02004294,NHS North East and North Cumbria,E38000234
925758606.0,way,51.3345429,-0.2553138,The Old Cottage Hospital,Unknown,Unknown,Unknown,KT17 4BF,KT17,-0.255324,51.334461,Epsom and Ewell,Epsom and Ewell,E14001227,E14001227,Epsom and Ewell,E07000208,College,E05015094,"Epsom and Ewell, unparished area",E43000137,Surrey,E10000030,South East Coast,Surrey,South East,England,Epsom and Ewell 008C,E01030412,Epsom and Ewell 008,E02006342,NHS Surrey Heartlands,E38000264
934139865.0,way,53.7404461,-1.4236145,Spire Methley Park Hospital,Spire,Unknown,hospital,LS26 9HG,LS26,-1.423325,53.740443,Wakefield and Rothwell,Wakefield and Rothwell,E14001560,E14001560,Leeds,E08000035,Rothwell,E05011410,"Leeds, unparished area",E43000294,,E99999999,Yorkshire and the Humber,Leeds,Yorkshire and The Humber,England,Leeds 100D,E01011636,Leeds 100,E02002429,NHS West Yorkshire,E38000225
941790165.0,way,52.8177651,-2.074269,Beacon Park Hospital,Ramsay Health Care,Unknown,Unknown,ST18 0XF,ST18,-2.074217,52.817024,"Stone, Great Wyrley and Penkridge","Stone, Great Wyrley and Penkridge",E14001523,E14001523,Stafford,E07000197,Milwich,E05010494,Hopton and Coton,E04009003,Staffordshire,E10000028,West Midlands,South Staffordshire,West Midlands,England,Stafford 011E,E01029732,Stafford 011,E02006198,NHS Staffordshire and Stoke-on-Trent,E38000173
944859475.0,way,53.6067716,-2.1673272,The Highfield Hospital,BMI,Unknown,Unknown,OL11 4LZ,OL11,-2.167505,53.606502,Heywood and Middleton North,Heywood and Middleton North,E14001286,E14001286,Rochdale,E08000005,Bamford,E05014034,"Rochdale, unparished area",E43000159,,E99999999,North West,"Heywood, Middleton and Rochdale",North West,England,Rochdale 010B,E01005473,Rochdale 010,E02001141,NHS Greater Manchester,E38000080
965655374.0,way,53.6609256,-2.6763004,Euxton Hall Hospital,Ramsey Health Care,no,hospital,PR7 6DY,PR7,-2.676313,53.660948,South Ribble,South Ribble,E14001491,E14001491,Chorley,E07000118,"Croston, Mawdesley & Euxton South",E05013075,Euxton,E04005151,Lancashire,E10000017,North West,Central Lancashire,North West,England,Chorley 005E,E01024971,Chorley 005,E02005193,NHS Lancashire and South Cumbria,E38000034
967775040.0,way,51.6374383,-0.3316358,Spire Bushey Hospital,Unknown,Unknown,hospital,WD23 1RD,WD23,-0.331732,51.637339,Hertsmere,Hertsmere,E14001284,E14001284,Hertsmere,E07000098,Bushey Heath,E05012184,"Hertsmere, unparished area",E43000288,Hertfordshire,E10000015,East of England,Hertfordshire,East of England,England,Hertsmere 013D,E01023551,Hertsmere 013,E02004908,NHS Hertfordshire and West Essex,E38000079
970367232.0,way,50.3273746,-4.773206,Penrice Hospital,Unknown,Unknown,hospital,PL26 6AA,PL26,-4.77305,50.327141,St Austell and Newquay,St Austell and Newquay,E14001508,E14001508,Cornwall,E06000052,St Mewan & Grampound,E05013859,Pentewan Valley,E04013072,,E99999999,South West,Cornwall and Isles of Scilly,South West,England,Cornwall 041E,E01019067,Cornwall 041,E02003964,NHS Cornwall and the Isles of Scilly,E38000089
984930964.0,way,50.8112228,-0.4319747,Goring Hall Hospital,BMI Healthcare,Unknown,hospital,BN12 5AT,BN12,-0.431833,50.811389,Worthing West,Worthing West,E14001599,E14001599,Worthing,E07000229,Goring,E05007699,"Worthing, unparished area",E43000150,West Sussex,E10000032,South East Coast,West Sussex,South East,England,Worthing 013A,E01031802,Worthing 013,E02006633,NHS Sussex,E38000265
988639396.0,way,51.4436692,0.3652955,Gravesham Community Hospital,Unknown,Unknown,hospital,DA11 0BY,DA11,0.364645,51.443887,Gravesham,Gravesham,E14001254,E14001254,Gravesham,E07000109,Town,E05014925,"Gravesham, unparished area",E43000087,Kent,E10000016,South East Coast,West Kent,South East,England,Gravesham 002F,E01032799,Gravesham 002,E02005056,NHS Kent and Medway,E38000237
992922367.0,way,51.7965751,-0.0887462,Hertford County Hospital,East and North Hertfordshire NHS Trust,no,hospital,SG14 1LP,SG14,-0.088509,51.796491,Hertford and Stortford,Hertford and Stortford,E14001283,E14001283,East Hertfordshire,E07000242,Hertford Bengeo,E05015364,Hertford,E04004734,Hertfordshire,E10000015,East of England,Hertfordshire,East of England,England,East Hertfordshire 017E,E01023479,East Hertfordshire 017,E02004894,NHS Hertfordshire and West Essex,E38000049
998138711.0,way,52.9728801,-2.6792065,Whitchurch Community Hospital,Unknown,no,hospital,SY13 1NT,SY13,-2.679216,52.972735,North Shropshire,North Shropshire,E14001398,E14001398,Shropshire,E06000051,Whitchurch North,E05008195,Whitchurch Urban,E04011388,,E99999999,West Midlands,Shropshire County,West Midlands,England,Shropshire 001B,E01028892,Shropshire 001,E02006015,"NHS Shropshire, Telford and Wrekin",E38000257
1000641410.0,way,51.8343439,-4.4374924,Ysbyty Werndale Private Hospital,Unknown,Unknown,hospital,SA33 5NT,SA33,-4.437557,51.834293,Caerfyrddin,Caerfyrddin,W07000087,W07000087,Carmarthenshire,W06000010,St Clears and Llansteffan,W05001221,St. Clears,W04000555,,W99999999,Hywel Dda University Health Board,Hywel Dda University Health Board,,Wales,Carmarthenshire 027C,W01000721,Carmarthenshire 027,W02000418,Hywel Dda University,W11000025
1002421465.0,way,53.491749,-2.3211741,Oaklands Hospital,Ramsey Health,no,hospital,M6 8FE,M6,-2.32189,53.491854,Salford,Salford,E14001459,E14001459,Salford,E08000006,Claremont,E05013023,"Salford, unparished area",E43000160,,E99999999,North West,Salford,North West,England,Salford 021G,E01005724,Salford 021,E02001177,NHS Greater Manchester,E38000143
1005597394.0,way,52.7947664,-2.1263957,Rowley Hall Hospital,Unknown,Unknown,Unknown,ST17 9AQ,ST17,-2.126281,52.794778,Stafford,Stafford,E14001513,E14001513,Stafford,E07000197,Rowley,E05010496,"Stafford, unparished area",E43000132,Staffordshire,E10000028,West Midlands,South Staffordshire,West Midlands,England,Stafford 012C,E01029737,Stafford 012,E02006199,NHS Staffordshire and Stoke-on-Trent,E38000173
1007473437.0,way,51.3348912,-0.408094,Cobham Community Hospital and Health Centre,Unknown,no,hospital,KT11 1HT,KT11,-0.408553,51.334521,Runnymede and Weybridge,Runnymede and Weybridge,E14001456,E14001456,Elmbridge,E07000207,Cobham and Downside,E05011075,"Elmbridge, unparished area",E43000136,Surrey,E10000030,South East Coast,Surrey,South East,England,Elmbridge 017A,E01030300,Elmbridge 017,E02006333,NHS Surrey Heartlands,E38000264
1016837259.0,way,50.928229,-1.7929139,Fordingbridge Hospital,Unknown,no,hospital,SP6 1FH,SP6,-1.792941,50.928052,New Forest West,New Forest West,E14001374,E14001374,New Forest,E07000091,"Fordingbridge, Godshill & Hyde",E05014779,Fordingbridge,E04012145,Hampshire,E10000014,South Central,Hampshire,South East,England,New Forest 001D,E01023022,New Forest 001,E02004779,NHS Hampshire and Isle of Wight,E38000253
1016874739.0,way,51.1676833,-0.6251331,Milford Hospital,Surrey NHS Trust,Unknown,hospital,GU7 1UF,GU7,-0.625399,51.167895,Godalming and Ash,Godalming and Ash,E14001249,E14001249,Waverley,E07000216,Bramley & Wonersh,E05015147,Busbridge,E04009607,Surrey,E10000030,South East Coast,Surrey,South East,England,Waverley 012A,E01030864,Waverley 012,E02006450,NHS Surrey Heartlands,E38000264
1025009204.0,way,51.4748554,-0.6101204,Princess Margaret Hospital,Unknown,Unknown,hospital,SL4 3SJ,SL4,-0.61028,51.474696,Windsor,Windsor,E14001588,E14001588,Windsor and Maidenhead,E06000040,Eton & Castle,E05012504,"Windsor and Maidenhead, unparished area",E43000259,,E99999999,South Central,Berkshire East,South East,England,Windsor and Maidenhead 015A,E01016546,Windsor and Maidenhead 015,E02003435,NHS Frimley,E38000252
1030200056.0,way,54.1355502,-1.5272012,Ripon Community Hospital,Unknown,Unknown,hospital,HG4 2PR,HG4,-1.527195,54.135436,Skipton and Ripon,Skipton and Ripon,E14001475,E14001475,North Yorkshire,E06000065,Ripon Ure Bank & Spa,E05014309,Ripon,E04007409,,E99999999,Yorkshire and the Humber,North Yorkshire and York,Yorkshire and The Humber,England,Harrogate 002B,E01027713,Harrogate 002,E02005762,NHS Humber and North Yorkshire,E38000241
1038783164.0,way,53.202396,-3.0415833,Deeside Community Hospital,NHS,no,hospital,CH5 1UB,CH5,-3.042629,53.201931,Alyn and Deeside,Alyn and Deeside,W07000082,W07000082,Flintshire,W06000005,Hawarden: Aston,W05001592,Hawarden,W04000190,,W99999999,Betsi Cadwaladr University Health Board,Betsi Cadwaladr University Health Board,,Wales,Flintshire 010A,W01000252,Flintshire 010,W02000067,Betsi Cadwaladr University,W11000023
1038783165.0,way,53.2691355,-3.2163459,Holywell Community Hospital,NHS,no,hospital,CH8 7TZ,CH8,-3.217519,53.269345,Clwyd East,Clwyd East,W07000094,W07000094,Flintshire,W06000005,Holywell Central,W05001596,Holywell,W04000192,,W99999999,Betsi Cadwaladr University Health Board,Betsi Cadwaladr University Health Board,,Wales,Flintshire 003E,W01000304,Flintshire 003,W02000060,Betsi Cadwaladr University,W11000023
1043104661.0,way,51.6590735,-0.1019474,The Cavell Hospital,Unknown,no,hospital,EN2 7PR,EN2,-0.101361,51.659225,Enfield North,Enfield North,E14001225,E14001225,Enfield,E09000010,Ridgeway,E05013690,"Enfield, unparished area",E43000200,,E99999999,London,Enfield,London,England,Enfield 010C,E01001471,Enfield 010,E02000286,NHS North Central London,E38000240
1053640220.0,way,53.6888478,-1.8288206,Spire Elland Hospital,Unknown,no,hospital,HX5 9EB,HX5,-1.828928,53.688776,Calder Valley,Calder Valley,E14001147,E14001147,Calderdale,E08000033,Elland,E05001373,"Calderdale, unparished area",E43000293,,E99999999,Yorkshire and the Humber,Calderdale,Yorkshire and The Humber,England,Calderdale 025B,E01010890,Calderdale 025,E02002268,NHS West Yorkshire,E38000025
1069090320.0,way,51.9486854,-3.3846889,Brecon War Memorial Hospital,Unknown,yes,hospital,LD3 7NS,LD3,-3.384803,51.949116,"Brecon, Radnor and Cwm Tawe","Brecon, Radnor and Cwm Tawe",W07000085,W07000085,Powys,W06000023,Brecon East,W05001120,Brecon,W04000255,,W99999999,Powys Teaching Health Board,Powys Teaching Health Board,,Wales,Powys 017E,W01000493,Powys 017,W02000113,Powys Teaching,W11000024
1075119289.0,way,54.9386815,-2.7266223,Brampton War Memorial Hospital,Unknown,no,hospital,CA8 1TU,CA8,-2.727561,54.938316,Carlisle,Carlisle,E14001152,E14001152,Cumberland,E06000063,Brampton,E05014176,Brampton,E04002449,,E99999999,North West,Cumbria Teaching,North West,England,Carlisle 002A,E01019200,Carlisle 002,E02003988,NHS North East and North Cumbria,E38000215
1076414211.0,way,53.3802134,-1.4945267,Weston Park Hospital,Sheffield Teaching Hospitals NHS Foundation Trust,no,hospital,S10 2SJ,S10,-1.495143,53.380187,Sheffield Central,Sheffield Central,E14001467,E14001467,Sheffield,E08000019,Broomhill and Sharrow Vale,E05010860,"Sheffield, unparished area",E43000173,,E99999999,Yorkshire and the Humber,Sheffield,Yorkshire and The Humber,England,Sheffield 030A,E01007866,Sheffield 030,E02001640,NHS South Yorkshire,E38000146
1080297065.0,way,54.5904403,-7.2660007,Omagh Hospital & Primary Care Complex,Unknown,Unknown,hospital,BT79 0FL,BT79,-7.265858,54.590187,West Tyrone,West Tyrone,N05000018,N05000018,Fermanagh and Omagh,N09000006,Camowen,N08000607,,N99999999,,N99999999,Health & Social Care Board,Western,,Northern Ireland,Drumragh,95YY09W1,,N99999999,Western,ZC050
1085165814.0,way,52.215621,-3.9365246,Tregaron Hospital,Hywel Dda University Health Board,no,hospital,SY25 6JP,SY25,-3.936819,52.215505,Ceredigion Preseli,Ceredigion Preseli,W07000093,W07000093,Ceredigion,W06000008,Tregaron and Ystrad Fflur,W05001330,Tregaron,W04000401,,W99999999,Hywel Dda University Health Board,Hywel Dda University Health Board,,Wales,Ceredigion 011G,W01000550,Ceredigion 011,W02000421,Hywel Dda University,W11000025
1093135109.0,way,50.2669391,-5.0932588,Royal Cornwall Hospital,Unknown,yes,hospital,TR1 3LQ,TR1,-5.09227,50.267339,Truro and Falmouth,Truro and Falmouth,E14001554,E14001554,Cornwall,E06000052,"Gloweth, Malabar & Shortlanesend",E05013291,Kenwyn,E04011451,,E99999999,South West,Cornwall and Isles of Scilly,South West,England,Cornwall 043C,E01018855,Cornwall 043,E02003909,NHS Cornwall and the Isles of Scilly,E38000089
1107664454.0,way,50.7839597,-2.9956277,Axminster Hospital,Unknown,no,hospital,EX13 5DU,EX13,-2.996268,50.783892,Honiton and Sidmouth,Honiton and Sidmouth,E14001291,E14001291,East Devon,E07000040,Axminster,E05011782,Axminster,E04002937,Devon,E10000008,South West,Devon,South West,England,East Devon 005B,E01019887,East Devon 005,E02004133,NHS Devon,E38000230
1113340300.0,way,51.5225494,-0.1345308,Royal National ENT and Eastman Dental Hospitals,University College Hospitals,no,hospital,WC1E 6DD,WC1E,-0.134231,51.522735,Holborn and St Pancras,Holborn and St Pancras,E14001290,E14001290,Camden,E09000007,Bloomsbury,E05013653,"Camden, unparished area",E43000197,,E99999999,London,Camden,London,England,Camden 026A,E01000850,Camden 026,E02000191,NHS North Central London,E38000240
1115571834.0,way,52.6203836,-1.723154,Sir Robert Peel Community Hospital,Unknown,no,hospital,B78 3NG,B78,-1.723867,52.620665,Tamworth,Tamworth,E14001538,E14001538,Lichfield,E07000194,Fazeley,E05010661,Fazeley,E04008925,Staffordshire,E10000028,West Midlands,South Staffordshire,West Midlands,England,Lichfield 012C,E01029503,Lichfield 012,E02006157,NHS Staffordshire and Stoke-on-Trent,E38000153
1118022408.0,way,50.7219714,-1.9756935,Harbour Hospital,BMI,Unknown,hospital,BH15 2BH,BH15,-1.975695,50.722006,Poole,Poole,E14001429,E14001429,"Bournemouth, Christchurch and Poole",E06000058,Poole Town,E05012674,"Bournemouth, Christchurch and Poole, unparished area",E43000261,,E99999999,South West,Bournemouth and Poole Teaching,South West,England,Poole 015A,E01015465,Poole 015,E02003208,NHS Dorset,E38000045
1118022409.0,way,50.7226836,-1.9748781,St Mary's Maternity Hospital,Unknown,Unknown,hospital,BH15 2LG,BH15,-1.974278,50.722374,Poole,Poole,E14001429,E14001429,"Bournemouth, Christchurch and Poole",E06000058,Poole Town,E05012674,"Bournemouth, Christchurch and Poole, unparished area",E43000261,,E99999999,South West,Bournemouth and Poole Teaching,South West,England,Poole 015D,E01015468,Poole 015,E02003208,NHS Dorset,E38000045
1119134357.0,way,52.9539553,-2.8698224,Penley Hospital,Unknown,Unknown,hospital,LL13 0LH,LL13,-2.870121,52.954069,Wrexham,Wrexham,W07000111,W07000111,Wrexham,W06000006,Overton and Maelor South,W05001748,Maelor South,W04000234,,W99999999,Betsi Cadwaladr University Health Board,Betsi Cadwaladr University Health Board,,Wales,Wrexham 018D,W01000404,Wrexham 018,W02000095,Betsi Cadwaladr University,W11000023
1120370077.0,way,51.5253432,-1.786122,The Ridgeway Hospital,Unknown,Unknown,hospital,SN4 9DD,SN4,-1.786161,51.525325,East Wiltshire,East Wiltshire,E14001217,E14001217,Swindon,E06000030,Wroughton and Wichelstowe,E05008972,Wroughton,E04012673,,E99999999,South West,Swindon,South West,England,Swindon 025C,E01015585,Swindon 025,E02003236,"NHS Bath and North East Somerset, Swindon and Wiltshire",E38000231
1120448952.0,way,56.5860019,-3.3464857,Blairgowrie Community Hospital,Unknown,Unknown,hospital,PH10 6EE,PH10,-3.346286,56.585896,Angus and Perthshire Glens,Angus and Perthshire Glens,S14000065,S14000065,Perth and Kinross,S12000048,Blairgowrie and Glens,S13003065,,S99999999,,S99999999,Tayside,Perth and Kinross Community Health Partnership,,Scotland,Blairgowrie West - 04,S01011991,Blairgowrie West,S02002249,Perth & Kinross Community Health Partnership,S03000040
1125512273.0,way,54.5520503,-1.2135385,The James Cook University Hospital,South Tees Hospitals NHS Foundation Trust,yes,hospital,TS4 3BF,TS4,-1.214274,54.552075,Middlesbrough and Thornaby East,Middlesbrough and Thornaby East,E14001367,E14001367,Middlesbrough,E06000002,Longlands & Beechwood,E05009863,"Middlesbrough, unparished area",E43000291,,E99999999,North East,Middlesbrough,North East,England,Middlesbrough 011A,E01012018,Middlesbrough 011,E02002506,NHS North East and North Cumbria,E38000247
1136746330.0,way,53.3970023,-2.21606,Alexandra Hospital,Unknown,no,hospital,SK8 2PX,SK8,-2.215828,53.397264,Cheadle,Cheadle,E14001158,E14001158,Stockport,E08000007,Cheadle West & Gatley,E05015021,"Stockport, unparished area",E43000161,,E99999999,North West,Stockport,North West,England,Stockport 022A,E01005769,Stockport 022,E02001208,NHS Greater Manchester,E38000174
1140186745.0,way,52.0380188,-1.1378293,Brackley Medical Centre & Community Hospital,Unknown,Unknown,hospital,NN13 6QZ,NN13,-1.137701,52.038067,South Northamptonshire,South Northamptonshire,E14001490,E14001490,West Northamptonshire,E06000062,Brackley,E05013242,Brackley,E04012823,,E99999999,East Midlands,Northamptonshire Teaching,East Midlands,England,South Northamptonshire 009B,E01027266,South Northamptonshire 009,E02005689,NHS Northamptonshire,E38000262
1148488315.0,way,52.9238646,1.3095405,Cromer and District Hospital,Unknown,Unknown,hospital,NR27 0BQ,NR27,1.310057,52.923787,North Norfolk,North Norfolk,E14001396,E14001396,North Norfolk,E07000147,Suffield Park,E05011860,Cromer,E04006405,Norfolk,E10000020,East of England,Norfolk,East of England,England,North Norfolk 003E,E01026778,North Norfolk 003,E02005572,NHS Norfolk and Waveney,E38000239
1153383484.0,way,53.3797212,-1.493634,Charles Clifford Dental Hospital,Sheffield Teaching Hospitals NHS Foundation Trust,Unknown,hospital,S10 2SZ,S10,-1.493719,53.379866,Sheffield Central,Sheffield Central,E14001467,E14001467,Sheffield,E08000019,Broomhill and Sharrow Vale,E05010860,"Sheffield, unparished area",E43000173,,E99999999,Yorkshire and the Humber,Sheffield,Yorkshire and The Humber,England,Sheffield 030A,E01007866,Sheffield 030,E02001640,NHS South Yorkshire,E38000146
1159245828.0,way,57.1422249,-2.1186924,Albyn Hospital,Circle Health Group,no,hospital,AB10 1RW,AB10,-2.118452,57.142412,Aberdeen South,Aberdeen South,S14000061,S14000061,Aberdeen City,S12000033,Hazlehead/Queens Cross/Countesswells,S13002844,,S99999999,,S99999999,Grampian,Aberdeen City Community Health Partnership,,Scotland,West End North - 01,S01006571,West End North,S02001247,Aberdeen City Community Health Partnership,S03000012
1164672572.0,way,51.4369882,-0.1707934,Springfield University Hospital,NHS,Unknown,hospital,SW17 0TH,SW17,-0.170931,51.437165,Tooting,Tooting,E14001550,E14001550,Wandsworth,E09000032,Wandsworth Common,E05014027,"Wandsworth, unparished area",E43000222,,E99999999,London,Wandsworth,London,England,Wandsworth 027F,E01004626,Wandsworth 027,E02000949,NHS South West London,E38000245
1174247186.0,way,50.8684331,-0.9551392,Spire Hospital Portsmouth,Spire Healthcare,no,hospital,PO9 5NP,PO9,-0.95514,50.868589,East Hampshire,East Hampshire,E14001214,E14001214,East Hampshire,E07000085,Rowlands Castle,E05012317,Rowlands Castle,E04004519,Hampshire,E10000014,South Central,Hampshire,South East,England,East Hampshire 016C,E01022629,East Hampshire 016,E02006829,NHS Hampshire and Isle of Wight,E38000253
1191564778.0,way,55.9088219,-3.0977132,Shawfair Park Hospital,Spire,yes,hospital,EH22 1FE,EH22,-3.097371,55.908658,Midlothian,Midlothian,S14000045,S14000045,Midlothian,S12000019,Dalkeith,S13003020,,S99999999,,S99999999,Lothian,Midlothian Community Health Partnership,,Scotland,Shawfair - 01,S01011000,Shawfair,S02002064,Midlothian Community Health Partnership,S03000032
1191566546.0,way,55.1506301,-2.9997754,Thomas Hope Hospital,NHS Dumfries and Galloway,no,hospital,DG13 0JX,DG13,-2.999731,55.150646,"Dumfriesshire, Clydesdale and Tweeddale","Dumfriesshire, Clydesdale and Tweeddale",S14000074,S14000074,Dumfries and Galloway,S12000006,Annandale East and Eskdale,S13002891,,S99999999,,S99999999,Dumfries and Galloway,Dumfries and Galloway Community Health Partnership,,Scotland,Langholm and Eskdale - 02,S01007647,Langholm and Eskdale,S02001438,Dumfries & Galloway Community Health Partnership,S03000005
1196168936.0,way,56.0405829,-5.4229482,Mid Argyll Community Hospital and Integrated Care Centre,Unknown,yes,hospital,PA31 8JZ,PA31,-5.422946,56.040348,"Argyll, Bute and South Lochaber","Argyll, Bute and South Lochaber",S14000067,S14000067,Argyll and Bute,S12000035,Mid Argyll,S13002518,,S99999999,,S99999999,Highland,Argyll and Bute Community Health Partnership,,Scotland,Greater Lochgilphead - 03,S01007317,Greater Lochgilphead,S02001376,Argyll & Bute Community Health Partnership,S03000025
1211785714.0,way,55.2490704,-4.8465411,Girvan Community Hospital,NHS Ayrshire & Arran,Unknown,hospital,KA26 9HQ,KA26,-4.846997,55.248303,"Ayr, Carrick and Cumnock","Ayr, Carrick and Cumnock",S14000107,S14000107,South Ayrshire,S12000028,Girvan and South Carrick,S13003094,,S99999999,,S99999999,Ayrshire and Arran,South Ayrshire Community Health Partnership,,Scotland,Girvan Ailsa - 05,S01012433,Girvan Ailsa,S02002331,South Ayrshire Community Health Partnership,S03000003
1211849885.0,way,51.0587799,-2.4180994,Wincanton Community Hospital,Unknown,Unknown,hospital,BA9 9DQ,BA9,-2.418169,51.058753,Glastonbury and Somerton,Glastonbury and Somerton,E14001247,E14001247,Somerset,E06000066,Wincanton & Bruton,E05014389,Wincanton,E04008770,,E99999999,South West,Somerset,South West,England,South Somerset 005B,E01029227,South Somerset 005,E02006079,NHS Somerset,E38000150
1217422518.0,way,51.3624785,0.0947953,Orpington Hospital,Unknown,Unknown,Unknown,BR6 9JU,BR6,0.09515,51.362502,Orpington,Orpington,E14001417,E14001417,Bromley,E09000006,Chelsfield,E05013992,"Bromley, unparished area",E43000196,,E99999999,London,Bromley,London,England,Bromley 035C,E01000683,Bromley 035,E02000161,NHS South East London,E38000244
1218487905.0,way,53.4251194,-2.2527579,Spire Manchester Hospital,Spire,Unknown,hospital,M20 2AF,M20,-2.253294,53.425952,Manchester Withington,Manchester Withington,E14001354,E14001354,Manchester,E08000003,Didsbury West,E05011363,"Manchester, unparished area",E43000157,,E99999999,North West,Manchester Teaching,North West,England,Manchester 039D,E01005083,Manchester 039,E02001083,NHS Greater Manchester,E38000217
1222553048.0,way,50.9620726,0.7310913,"Rye, Winchelsea & District Memorial Hospital",NHS,no,hospital,TN31 7UD,TN31,0.731169,50.9619,Hastings and Rye,Hastings and Rye,E14001274,E14001274,Rother,E07000064,Eastern Rother,E05011616,Rye Foreign,E04003821,East Sussex,E10000011,South East Coast,Hastings and Rother,South East,England,Rother 002D,E01021116,Rother 002,E02004393,NHS Sussex,E38000235
1225618524.0,way,54.761817,-6.6141307,Mid-Ulster Hospital,Unknown,Unknown,hospital,BT45 5EX,BT45,-6.614449,54.761858,Mid Ulster,Mid Ulster,N05000010,N05000010,Mid Ulster,N09000009,Glebe,N08000921,,N99999999,,N99999999,Health & Social Care Board,Northern,,Northern Ireland,Glebe 1 Magherafelt,95TT05S1,,N99999999,Northern,ZC020
1228074411.0,way,54.5202241,-1.5044712,Woodlands Hospital,Unknown,Unknown,hospital,DL1 4PL,DL1,-1.504671,54.52036,Stockton West,Stockton West,E14001519,E14001519,Darlington,E06000005,Sadberge & Middleton St George,E05010429,Morton Palms,E04000305,,E99999999,North East,Darlington,North East,England,Darlington 001D,E01012366,Darlington 001,E02002559,NHS North East and North Cumbria,E38000247
1263067247.0,way,52.5840743,-4.0812625,Tywyn Hospital,NHS,Unknown,hospital,LL36 9HH,LL36,-4.081296,52.584109,Dwyfor Meirionnydd,Dwyfor Meirionnydd,W07000096,W07000096,Gwynedd,W06000002,Gorllewin Tywyn,W05001540,Tywyn,W04000102,,W99999999,Betsi Cadwaladr University Health Board,Betsi Cadwaladr University Health Board,,Wales,Gwynedd 017D,W01000116,Gwynedd 017,W02000026,Betsi Cadwaladr University,W11000023
1265649210.0,way,53.1695752,-3.1476447,Mold Hospital,NHS,Unknown,hospital,CH7 1XG,CH7,-3.147795,53.169771,Clwyd East,Clwyd East,W07000094,W07000094,Flintshire,W06000005,Mold West,W05001606,Mold,W04000995,,W99999999,Betsi Cadwaladr University Health Board,Betsi Cadwaladr University Health Board,,Wales,Flintshire 016G,W01000319,Flintshire 016,W02000073,Betsi Cadwaladr University,W11000023
1269298081.0,way,53.6384373,-2.986559,Hartley Hospital,Mersey Care NHS Foundation Trust,no,hospital,PR8 6PH,PR8,-2.986679,53.63853,Southport,Southport,E14001504,E14001504,Sefton,E08000014,Kew,E05000941,"Sefton, unparished area",E43000168,,E99999999,North West,Sefton,North West,England,Sefton 008A,E01006995,Sefton 008,E02001436,NHS Cheshire and Merseyside,E38000170
1277790524.0,way,51.3771387,-0.5269244,Saint Peter's Hospital,Unknown,yes,hospital,KT16 0PZ,KT16,-0.52706,51.377832,Runnymede and Weybridge,Runnymede and Weybridge,E14001456,E14001456,Runnymede,E07000212,"Longcross, Lyne & Chertsey South",E05012895,"Runnymede, unparished area",E43000141,Surrey,E10000030,South East Coast,Surrey,South East,England,Runnymede 008A,E01030677,Runnymede 008,E02006400,NHS Surrey Heartlands,E38000264
1280044141.0,way,50.7960102,-1.0458224,St James Hospital,Unknown,Unknown,Unknown,PO4 8FE,PO4,-1.045439,50.796107,Portsmouth South,Portsmouth South,E14001432,E14001432,Portsmouth,E06000044,Milton,E05002450,"Portsmouth, unparished area",E43000035,,E99999999,South Central,Portsmouth City Teaching,South East,England,Portsmouth 017B,E01017093,Portsmouth 017,E02003540,NHS Hampshire and Isle of Wight,E38000137
1289994765.0,way,50.9449955,-2.6329525,Yeovil District Hospital,Unknown,Unknown,Unknown,BA21 4AR,BA21,-2.633305,50.944967,Yeovil,Yeovil,E14001603,E14001603,Somerset,E06000066,Yeovil South,E05014392,Yeovil,E04008773,,E99999999,South West,Somerset,South West,England,South Somerset 015A,E01029232,South Somerset 015,E02006089,NHS Somerset,E38000150
1289994766.0,way,50.9450213,-2.6330038,Yeovil District Hospital,Unknown,Unknown,Unknown,BA21 4AR,BA21,-2.633305,50.944967,Yeovil,Yeovil,E14001603,E14001603,Somerset,E06000066,Yeovil South,E05014392,Yeovil,E04008773,,E99999999,South West,Somerset,South West,England,South Somerset 015A,E01029232,South Somerset 015,E02006089,NHS Somerset,E38000150
1289994767.0,way,50.9449007,-2.6329639,Yeovil District Hospital,Unknown,Unknown,Unknown,BA21 4AR,BA21,-2.633305,50.944967,Yeovil,Yeovil,E14001603,E14001603,Somerset,E06000066,Yeovil South,E05014392,Yeovil,E04008773,,E99999999,South West,Somerset,South West,England,South Somerset 015A,E01029232,South Somerset 015,E02006089,NHS Somerset,E38000150
1289994768.0,way,50.9450776,-2.6329368,Yeovil District Hospital,Unknown,Unknown,Unknown,BA21 4AR,BA21,-2.633305,50.944967,Yeovil,Yeovil,E14001603,E14001603,Somerset,E06000066,Yeovil South,E05014392,Yeovil,E04008773,,E99999999,South West,Somerset,South West,England,South Somerset 015A,E01029232,South Somerset 015,E02006089,NHS Somerset,E38000150
1289994769.0,way,50.9450709,-2.6327023,Yeovil District Hospital,Unknown,Unknown,Unknown,BA21 4AR,BA21,-2.633305,50.944967,Yeovil,Yeovil,E14001603,E14001603,Somerset,E06000066,Yeovil South,E05014392,Yeovil,E04008773,,E99999999,South West,Somerset,South West,England,South Somerset 015A,E01029232,South Somerset 015,E02006089,NHS Somerset,E38000150
1289994770.0,way,50.9448319,-2.6331218,Yeovil District Hospital,Unknown,Unknown,Unknown,BA21 4AR,BA21,-2.633305,50.944967,Yeovil,Yeovil,E14001603,E14001603,Somerset,E06000066,Yeovil South,E05014392,Yeovil,E04008773,,E99999999,South West,Somerset,South West,England,South Somerset 015A,E01029232,South Somerset 015,E02006089,NHS Somerset,E38000150
1289994771.0,way,50.9448732,-2.6325721,Yeovil District Hospital,Unknown,Unknown,Unknown,BA21 4AR,BA21,-2.633305,50.944967,Yeovil,Yeovil,E14001603,E14001603,Somerset,E06000066,Yeovil South,E05014392,Yeovil,E04008773,,E99999999,South West,Somerset,South West,England,South Somerset 015A,E01029232,South Somerset 015,E02006089,NHS Somerset,E38000150
1289994772.0,way,50.9447954,-2.632257,Yeovil District Hospital,Unknown,Unknown,Unknown,BA21 4AR,BA21,-2.633305,50.944967,Yeovil,Yeovil,E14001603,E14001603,Somerset,E06000066,Yeovil South,E05014392,Yeovil,E04008773,,E99999999,South West,Somerset,South West,England,South Somerset 015A,E01029232,South Somerset 015,E02006089,NHS Somerset,E38000150
1289994773.0,way,50.9443244,-2.6334922,Yeovil District Hospital,Unknown,Unknown,Unknown,BA21 4AR,BA21,-2.633305,50.944967,Yeovil,Yeovil,E14001603,E14001603,Somerset,E06000066,Yeovil South,E05014392,Yeovil,E04008773,,E99999999,South West,Somerset,South West,England,South Somerset 015A,E01029232,South Somerset 015,E02006089,NHS Somerset,E38000150
1295743726.0,way,50.9445609,-2.6331258,Yeovil District Hospital,Unknown,Unknown,Unknown,BA21 4AR,BA21,-2.633305,50.944967,Yeovil,Yeovil,E14001603,E14001603,Somerset,E06000066,Yeovil South,E05014392,Yeovil,E04008773,,E99999999,South West,Somerset,South West,England,South Somerset 015A,E01029232,South Somerset 015,E02006089,NHS Somerset,E38000150
1298168987.0,way,51.4824937,-3.2283243,Priory Hospital Cardiff,Unknown,Unknown,hospital,CF5 5AD,CF5,-3.228906,51.481854,Cardiff West,Cardiff West,W07000092,W07000092,Cardiff,W06000015,Caerau,W05001272,Caerau,W04000839,,W99999999,Cardiff and Vale University Health Board,Cardiff and Vale University Health Board,,Wales,Cardiff 041B,W01001706,Cardiff 041,W02000407,Cardiff and Vale University,W11000029
1305923813.0,way,52.6926147,-2.0306482,Cannock Chase Hospital,Unknown,Unknown,hospital,WS11 5XY,WS11,-2.030614,52.693241,Cannock Chase,Cannock Chase,E14001150,E14001150,Cannock Chase,E07000192,Cannock Park & Old Fallow,E05015745,"Cannock Chase, unparished area",E43000130,Staffordshire,E10000028,West Midlands,South Staffordshire,West Midlands,England,Cannock Chase 011E,E01029367,Cannock Chase 011,E02006128,NHS Staffordshire and Stoke-on-Trent,E38000028
1312668553.0,way,53.7768802,-1.0800116,Selby New War Memorial Hospital,Unknown,Unknown,hospital,YO8 1SA,YO8,-1.079869,53.777452,Selby,Selby,E14001464,E14001464,North Yorkshire,E06000065,Selby West,E05014315,Selby,E04012523,,E99999999,Yorkshire and the Humber,North Yorkshire and York,Yorkshire and The Humber,England,Selby 006C,E01027911,Selby 006,E02005814,NHS Humber and North Yorkshire,E38000188
1314007671.0,way,51.4524977,-2.1270681,Chippenham Community Hospital,Unknown,Unknown,hospital,SN15 2AJ,SN15,-2.126709,51.452539,Chippenham,Chippenham,E14001168,E14001168,Wiltshire,E06000054,Chippenham Lowden & Rowden,E05013420,Chippenham,E04013038,,E99999999,South West,Wiltshire,South West,England,Wiltshire 011C,E01031913,Wiltshire 011,E02006654,"NHS Bath and North East Somerset, Swindon and Wiltshire",E38000231
1323591016.0,way,55.8027623,-3.9073982,Cleland Hospital,Unknown,Unknown,hospital,ML1 5NR,ML1,-3.906804,55.803145,Airdrie and Shotts,Airdrie and Shotts,S14000063,S14000063,North Lanarkshire,S12000050,Murdostoun,S13003061,,S99999999,,S99999999,Lanarkshire,North Lanarkshire Community Health Partnership,,Scotland,Cleland - 05,S01011451,Cleland,S02002150,North Lanarkshire Community Health Partnership,S03000029
1334353382.0,way,52.5898595,-1.1472653,Sturdee Community Rehabilitation Hospital,Unknown,Unknown,hospital,LE2 9GF,LE2,-1.14784,52.590171,Leicester South,Leicester South,E14001327,E14001327,Leicester,E06000016,Eyres Monsell,E05010465,"Leicester, unparished area",E43000015,,E99999999,East Midlands,Leicester City,East Midlands,England,Leicester 036B,E01013674,Leicester 036,E02002862,"NHS Leicester, Leicestershire and Rutland",E38000097
1336913592.0,way,50.6279184,-4.3591548,Launceston Community Hospital,Unknown,Unknown,hospital,PL15 9JD,PL15,-4.359104,50.6282,North Cornwall,North Cornwall,E14001385,E14001385,Cornwall,E06000052,Launceston South,E05013301,Launceston,E04011466,,E99999999,South West,Cornwall and Isles of Scilly,South West,England,Cornwall 005B,E01018947,Cornwall 005,E02003935,NHS Cornwall and the Isles of Scilly,E38000089
1348845437.0,way,57.5025179,-1.7938299,Peterhead Community Hospital,Unknown,Unknown,hospital,AB42 2XB,AB42,-1.793623,57.502363,Aberdeenshire North and Moray East,Aberdeenshire North and Moray East,S14000062,S14000062,Aberdeenshire,S12000034,Peterhead South and Cruden,S13002853,,S99999999,,S99999999,Grampian,Aberdeenshire Community Health Partnership,,Scotland,Peterhead Bay - 03,S01007080,Peterhead Bay,S02001335,Aberdeenshire Community Health Partnership,S03000013
1352687254.0,way,57.4702514,-4.2684119,New Craigs Hospital,Unknown,no,hospital,IV3 8NP,IV3,-4.268865,57.469866,"Inverness, Skye and West Ross-shire","Inverness, Skye and West Ross-shire",S14000094,S14000094,Highland,S12000017,Inverness West,S13003002,,S99999999,,S99999999,Highland,Highland Health and Social Care Partnership,,Scotland,Inverness Kinmylies and South West - 01,S01010650,Inverness Kinmylies and South West,S02002004,Highland Health and Social Care Partnership,S03000044
1356927870.0,way,52.571981,1.1131764,Ogden Court Community Hospital,Norfolk Community Health and Care NHS Trust,Unknown,Unknown,NR18 0PE,NR18,1.114023,52.57182,South Norfolk,South Norfolk,E14001489,E14001489,South Norfolk,E07000149,Central Wymondham,E05011870,Wymondham,E04012781,Norfolk,E10000020,East of England,Norfolk,East of England,England,South Norfolk 005A,E01026870,South Norfolk 005,E02005601,NHS Norfolk and Waveney,E38000239
1358178240.0,way,52.8140692,1.3884824,North Walsham and District War Memorial Hospital,Unknown,no,Unknown,NR28 9AP,NR28,1.387604,52.814008,North Norfolk,North Norfolk,E14001396,E14001396,North Norfolk,E07000147,North Walsham Market Cross,E05011849,North Walsham,E04006454,Norfolk,E10000020,East of England,Norfolk,East of England,England,North Norfolk 010H,E01026760,North Norfolk 010,E02005579,NHS Norfolk and Waveney,E38000239
1359185365.0,way,53.9153644,-0.1695718,Hornsea Cottage Hospital,Unknown,Unknown,hospital,HU18 1EN,HU18,-0.170659,53.915197,Bridlington and The Wolds,Bridlington and The Wolds,E14001127,E14001127,East Riding of Yorkshire,E06000011,North Holderness,E05001703,Hornsea,E04000415,,E99999999,Yorkshire and the Humber,East Riding of Yorkshire,Yorkshire and The Humber,England,East Riding of Yorkshire 012A,E01013046,East Riding of Yorkshire 012,E02002695,NHS Humber and North Yorkshire,E38000052
1362266059.0,way,55.8805646,-3.5313613,St. Ellen’s Private Hospital,Unknown,no,hospital,EH54 7DE,EH54,-3.532111,55.881124,Livingston,Livingston,S14000095,S14000095,West Lothian,S12000040,Livingston South,S13002823,,S99999999,,S99999999,Lothian,West Lothian Community Health and Care Partnership,,Scotland,"Bellsquarry, Adambrae and Kirkton - 07",S01013269,"Bellsquarry, Adambrae and Kirkton",S02002481,West Lothian Community Health & Care Partnership,S03000035
1364321095.0,way,51.818736,-0.3531437,Harpenden Memorial Hospital,NHS,no,hospital,AL5 4TA,AL5,-0.352959,51.819052,Harpenden and Berkhamsted,Harpenden and Berkhamsted,E14001268,E14001268,St Albans,E07000240,Harpenden East,E05013952,Harpenden Town,E04013284,Hertfordshire,E10000015,East of England,Hertfordshire,East of England,England,St Albans 002E,E01023689,St Albans 002,E02004925,NHS Hertfordshire and West Essex,E38000079
1371882347.0,way,51.8959515,-0.4773565,Luton and Dunstable Hospital,Unknown,yes,hospital,LU4 0EY,LU4,-0.47754,51.895874,Luton North,Luton North,E14001345,E14001345,Luton,E06000032,Poets,E05014747,"Luton, unparished area",E43000027,,E99999999,East of England,Luton,East of England,England,Luton 013D,E01015762,Luton 013,E02003270,"NHS Bedfordshire, Luton and Milton Keynes",E38000249
1380045655.0,way,53.337585,-2.5759876,Spire Cheshire Hospital,Unknown,Unknown,hospital,WA4 4LU,WA4,-2.576344,53.33747,Warrington South,Warrington South,E14001565,E14001565,Warrington,E06000007,Appleton,E05011024,Stretton,E04000333,,E99999999,North West,Warrington,North West,England,Warrington 024D,E01012503,Warrington 024,E02002613,NHS Cheshire and Merseyside,E38000194
1382989540.0,way,53.529547,-2.1289043,All Saints Hospital,Elysium Healthcare,no,hospital,OL8 4ES,OL8,-2.129925,53.529879,"Oldham West, Chadderton and Royton","Oldham West, Chadderton and Royton",E14001416,E14001416,Oldham,E08000004,Werneth,E05014665,"Oldham, unparished area",E43000158,,E99999999,North West,Oldham,North West,England,Oldham 035E,E01005462,Oldham 035,E02006860,NHS Greater Manchester,E38000135
33072.0,relation,50.9127592,-1.3982436,Royal South Hants Hospital,Unknown,Unknown,Unknown,SO14 0JF,SO14,-1.399033,50.912894,Southampton Test,Southampton Test,E14001500,E14001500,Southampton,E06000045,Bevois,E05015493,"Southampton, unparished area",E43000036,,E99999999,South Central,Southampton City,South East,England,Southampton 022G,E01032750,Southampton 022,E02003570,NHS Hampshire and Isle of Wight,E38000253
1152653.0,relation,52.9225556,-1.100055,Lings Bar Hospital,Nottinghamshire Healthcare NHS Trust; Nottingham University Hospitals NHS Trust,no,hospital,NG2 6PR,NG2,-1.099816,52.922565,Rushcliffe,Rushcliffe,E14001457,E14001457,Rushcliffe,E07000176,Gamston,E05014975,"Rushcliffe, unparished area",E43000127,Nottinghamshire,E10000024,East Midlands,Nottinghamshire County Teaching,East Midlands,England,Rushcliffe 006D,E01028377,Rushcliffe 006,E02005911,NHS Nottingham and Nottinghamshire,E38000243
1188976.0,relation,53.7392851,-0.4353644,Spire Hull and East Riding Hospital,Unknown,Unknown,Unknown,HU10 7AZ,HU10,-0.435027,53.739254,Kingston upon Hull West and Haltemprice,Kingston upon Hull West and Haltemprice,E14001315,E14001315,East Riding of Yorkshire,E06000011,Tranby,E05001710,Anlaby with Anlaby Common,E04000510,,E99999999,Yorkshire and the Humber,East Riding of Yorkshire,Yorkshire and The Humber,England,East Riding of Yorkshire 034E,E01013107,East Riding of Yorkshire 034,E02002717,NHS Humber and North Yorkshire,E38000052
1205172.0,relation,51.5650798,-0.3322955,The Clementine Churchill Hospital,BMI,Unknown,hospital,HA1 3RX,HA1,-0.332709,51.564966,Harrow West,Harrow West,E14001271,E14001271,Harrow,E09000015,Harrow on the Hill,E05013547,"Harrow, unparished area",E43000205,,E99999999,London,Harrow,London,England,Harrow 029B,E01002134,Harrow 029,E02000461,NHS North West London,E38000256
1241000.0,relation,51.379903,-0.406427,Walton Community Hospital,Unknown,Unknown,Unknown,KT12 3LD,KT12,-0.406056,51.379998,Esher and Walton,Esher and Walton,E14001230,E14001230,Elmbridge,E07000207,Walton North,E05011086,"Elmbridge, unparished area",E43000136,Surrey,E10000030,South East Coast,Surrey,South East,England,Elmbridge 008E,E01030368,Elmbridge 008,E02006324,NHS Surrey Heartlands,E38000264
1801607.0,relation,52.1974482,0.1531032,Brookfields Hospital,Unknown,Unknown,Unknown,CB1 3DL,CB1,0.153021,52.196746,Cambridge,Cambridge,E14001149,E14001149,Cambridge,E07000008,Romsey,E05013061,"Cambridge, unparished area",E43000042,Cambridgeshire,E10000003,East of England,Cambridgeshire,East of England,England,Cambridge 009C,E01017999,Cambridge 009,E02003727,NHS Cambridgeshire and Peterborough,E38000260
1809071.0,relation,55.1277296,-1.5172526,Blyth Community Hospital,Unknown,Unknown,hospital,NE24 1JG,NE24,-1.517786,55.128181,Blyth and Ashington,Blyth and Ashington,E14001107,E14001107,Northumberland,E06000057,Croft,E05009117,Blyth,E04012896,,E99999999,North East,Northumberland,North East,England,Northumberland 023B,E01027415,Northumberland 023,E02005710,NHS North East and North Cumbria,E38000130
2048373.0,relation,52.1739625,0.139101,Rosie Maternity Hospital,Cambridge University Hospitals NHS Foundation Trust,Unknown,Unknown,CB2 0SW,CB2,0.139119,52.17384,South Cambridgeshire,South Cambridgeshire,E14001481,E14001481,Cambridge,E07000008,Queen Edith's,E05013060,"Cambridge, unparished area",E43000042,Cambridgeshire,E10000003,East of England,Cambridgeshire,East of England,England,Cambridge 013D,E01017995,Cambridge 013,E02003731,NHS Cambridgeshire and Peterborough,E38000260
2048374.0,relation,52.1740297,0.1411717,Addenbrooke's Hospital,Cambridge University Hospitals NHS Foundation Trust,Unknown,Unknown,CB2 0SZ,CB2,0.141824,52.173255,South Cambridgeshire,South Cambridgeshire,E14001481,E14001481,Cambridge,E07000008,Queen Edith's,E05013060,"Cambridge, unparished area",E43000042,Cambridgeshire,E10000003,East of England,Cambridgeshire,East of England,England,Cambridge 013D,E01017995,Cambridge 013,E02003731,NHS Cambridgeshire and Peterborough,E38000260
2367270.0,relation,52.5674735,-1.8124855,Good Hope Hospital,Unknown,yes,hospital,B75 7RR,B75,-1.812043,52.567366,Sutton Coldfield,Sutton Coldfield,E14001535,E14001535,Birmingham,E08000025,Sutton Trinity,E05011178,Sutton Coldfield,E04012653,,E99999999,West Midlands,Birmingham East and North,West Midlands,England,Birmingham 006A,E01009432,Birmingham 006,E02001832,NHS Birmingham and Solihull,E38000258
2947382.0,relation,53.97172,-1.0748087,White Cross Court Community Rehabilitation Hospital,York NHS Trust,no,rehabilitation,YO31 8FT,YO31,-1.074679,53.971773,York Central,York Central,E14001604,E14001604,York,E06000014,Guildhall,E05010318,"York, unparished area",E43000013,,E99999999,Yorkshire and the Humber,North Yorkshire and York,Yorkshire and The Humber,England,York 010A,E01013348,York 010,E02002781,NHS Humber and North Yorkshire,E38000188
3378227.0,relation,51.8802153,-2.2421966,Winfield Hospital,Ramsay Health Care,Unknown,hospital,GL2 9WH,GL2,-2.242431,51.880438,Gloucester,Gloucester,E14001248,E14001248,Gloucester,E07000081,Kingsholm and Wotton,E05010958,"Gloucester, unparished area",E43000067,Gloucestershire,E10000013,South West,Gloucestershire,South West,England,Gloucester 002B,E01022310,Gloucester 002,E02004637,NHS Gloucestershire,E38000062
3665556.0,relation,56.8192484,-5.1049163,Belford Hospital,NHS Highland,Unknown,hospital,PH33 6BS,PH33,-5.104715,56.819427,"Inverness, Skye and West Ross-shire","Inverness, Skye and West Ross-shire",S14000094,S14000094,Highland,S12000017,Fort William and Ardnamurchan,S13003010,,S99999999,,S99999999,Highland,Highland Health and Social Care Partnership,,Scotland,Fort William South - 07,S01010522,Fort William South,S02001980,Highland Health and Social Care Partnership,S03000044
3690110.0,relation,52.8017808,-0.1502269,Johnson Community Hospital,Lincolnshire Community Health Services NHS Trust,no,hospital,PE11 3DT,PE11,-0.15089,52.801469,South Holland and The Deepings,South Holland and The Deepings,E14001487,E14001487,South Holland,E07000140,Pinchbeck and Surfleet,E05005652,Pinchbeck,E04005864,Lincolnshire,E10000019,East Midlands,Lincolnshire Teaching,East Midlands,England,South Holland 005B,E01026258,South Holland 005,E02005469,NHS Lincolnshire,E38000238
3693332.0,relation,54.3064666,-2.7327012,Westmorland General Hospital,University Hospitals of Morecambe Bay NHS Foundation Trust,yes,hospital,LA9 7FQ,LA9,-2.732967,54.306629,Westmorland and Lonsdale,Westmorland and Lonsdale,E14001580,E14001580,Westmorland and Furness,E06000064,Kendal South,E05014234,Kendal,E04002617,,E99999999,North West,Cumbria Teaching,North West,England,South Lakeland 006B,E01019367,South Lakeland 006,E02004020,NHS Lancashire and South Cumbria,E38000228
3852814.0,relation,51.518096,-3.5709689,Princess of Wales Hospital,Bwrdd Iechyd Cwm Taf Morgannwg | Cwm Taf Morgannwg University Health Board,yes,hospital,CF31 1RQ,CF31,-3.571687,51.517829,Bridgend,Bridgend,W07000086,W07000086,Bridgend,W06000013,Coity Higher,W05001238,Coity Higher,W04000633,,W99999999,Cwm Taf Morgannwg University Health Board,Cwm Taf Morgannwg University Health Board,,Wales,Bridgend 011C,W01001038,Bridgend 011,W02000228,Cwm Taf Morgannwg University,W11000030
4277280.0,relation,51.2411709,-0.6088556,Royal Surrey County Hospital,Unknown,yes,hospital,GU2 7XX,GU2,-0.607463,51.241016,Guildford,Guildford,E14001258,E14001258,Guildford,E07000209,Westborough,E05014963,"Guildford, unparished area",E43000138,Surrey,E10000030,South East Coast,Surrey,South East,England,Guildford 012A,E01030470,Guildford 012,E02006355,NHS Surrey Heartlands,E38000264
4479984.0,relation,50.7129913,-2.4466291,Dorset County Hospital,Unknown,Unknown,hospital,DT1 2JY,DT1,-2.446936,50.71294,West Dorset,West Dorset,E14001575,E14001575,Dorset,E06000059,Dorchester West,E05012698,Dorchester,E04003533,,E99999999,South West,Dorset,South West,England,West Dorset 009G,E01032643,West Dorset 009,E02004277,NHS Dorset,E38000045
5651423.0,relation,52.4852413,-1.887738,Aston University Day Hospital,Unknown,Unknown,hospital,B4 7EG,B4,-1.887668,52.484805,Birmingham Ladywood,Birmingham Ladywood,E14001096,E14001096,Birmingham,E08000025,Nechells,E05011155,"Birmingham, unparished area",E43000250,,E99999999,West Midlands,Heart of Birmingham Teaching,West Midlands,England,Birmingham 050E,E01033561,Birmingham 050,E02001876,NHS Birmingham and Solihull,E38000258
6242049.0,relation,52.620385,1.2690598,Colman Hospital,Unknown,Unknown,hospital,NR2 2PJ,NR2,1.268826,52.620275,Norwich South,Norwich South,E14001409,E14001409,Norwich,E07000148,Nelson,E05012908,"Norwich, unparished area",E43000115,Norfolk,E10000020,East of England,Norfolk,East of England,England,Norwich 009D,E01026838,Norwich 009,E02005592,NHS Norfolk and Waveney,E38000239
7201602.0,relation,51.2188913,-0.1623128,East Surrey Hospital,Unknown,yes,hospital,RH1 5RH,RH1,-0.162009,51.219194,Reigate,Reigate,E14001442,E14001442,Reigate and Banstead,E07000211,Earlswood & Whitebushes,E05012874,"Reigate and Banstead, unparished area",E43000140,Surrey,E10000030,South East Coast,Surrey,South East,England,Reigate and Banstead 014C,E01030572,Reigate and Banstead 014,E02006388,NHS Surrey Heartlands,E38000264
7504167.0,relation,50.7010671,-2.442005,The Winterbourne Hospital,BMI Healthcare,Unknown,hospital,DT1 2DR,DT1,-2.441867,50.701017,West Dorset,West Dorset,E14001575,E14001575,Dorset,E06000059,Dorchester East,E05012696,Dorchester,E04003533,,E99999999,South West,Dorset,South West,England,West Dorset 010E,E01020524,West Dorset 010,E02004278,NHS Dorset,E38000045
7889156.0,relation,54.8990883,-5.022043,Galloway Community Hospital,NHS Dumfries and Galloway,yes,hospital,DG9 7DQ,DG9,-5.021758,54.89921,Dumfries and Galloway,Dumfries and Galloway,S14000073,S14000073,Dumfries and Galloway,S12000006,Stranraer and the Rhins,S13002880,,S99999999,,S99999999,Dumfries and Galloway,Dumfries and Galloway Community Health Partnership,,Scotland,Stranraer South - 03,S01007492,Stranraer South,S02001407,Dumfries & Galloway Community Health Partnership,S03000005
11278285.0,relation,51.6903747,-0.6938607,The Chiltern Hospital,BMI Healthcare,no,hospital,HP16 0EN,HP16,-0.693669,51.690533,Mid Buckinghamshire,Mid Buckinghamshire,E14001360,E14001360,Buckinghamshire,E06000060,Great Missenden,E05013147,Great Missenden,E04001573,,E99999999,South Central,Buckinghamshire,South East,England,Chiltern 005A,E01017768,Chiltern 005,E02003680,"NHS Buckinghamshire, Oxfordshire and Berkshire West",E38000223
11898429.0,relation,50.7150324,-3.5051691,Wonford House Hospital,Unknown,Unknown,hospital,EX2 5AG,EX2,-3.504168,50.714782,Exeter,Exeter,E14001231,E14001231,Exeter,E07000041,Priory,E05011019,"Exeter, unparished area",E43000052,Devon,E10000008,South West,Devon,South West,England,Exeter 013C,E01020013,Exeter 013,E02004161,NHS Devon,E38000230
12337155.0,relation,55.6136829,-4.5397785,University Hospital Crosshouse,Unknown,yes,hospital,KA2 0BE,KA2,-4.539409,55.61394,Kilmarnock and Loudoun,Kilmarnock and Loudoun,S14000110,S14000110,East Ayrshire,S12000008,Kilmarnock West and Crosshouse,S13002894,,S99999999,,S99999999,Ayrshire and Arran,East Ayrshire Community Health Partnership,,Scotland,"Crosshouse, Gatehead and Kilmaurs Rural - 03",S01008027,"Crosshouse, Gatehead and Kilmaurs Rural",S02001504,East Ayrshire Community Health Partnership,S03000001
12559357.0,relation,52.4933568,-3.00056,Bishops Community Hospital,Unknown,no,hospital,SY9 5AJ,SY9,-2.999605,52.493088,South Shropshire,South Shropshire,E14001493,E14001493,Shropshire,E06000051,Bishop's Castle,E05008143,Bishop's Castle,E04011223,,E99999999,West Midlands,Shropshire County,West Midlands,England,Shropshire 030B,E01028992,Shropshire 030,E02006041,"NHS Shropshire, Telford and Wrekin",E38000257
12572940.0,relation,55.8351872,-4.3664338,Leverndale Hospital,Unknown,Unknown,hospital,G53 7TU,G53,-4.366487,55.835338,Glasgow South West,Glasgow South West,S14000088,S14000088,Glasgow City,S12000049,Greater Pollok,S13002969,,S99999999,,S99999999,Greater Glasgow and Clyde,Glasgow City Community Health Partnership,,Scotland,Pollok North and East - 06,S01009804,Pollok North and East,S02001849,Glasgow City Community Health & Care Partnership,S03000043
12890713.0,relation,54.980689,-1.4923344,Palmer Community Hospital,Unknown,no,Unknown,NE32 3UX,NE32,-1.491977,54.980657,Jarrow and Gateshead East,Jarrow and Gateshead East,E14001307,E14001307,South Tyneside,E08000023,Primrose,E05001147,"South Tyneside, unparished area",E43000177,,E99999999,North East,South Tyneside,North East,England,South Tyneside 007B,E01008604,South Tyneside 007,E02001774,NHS North East and North Cumbria,E38000163
13022326.0,relation,52.6919463,-2.772162,The Shropshire Nuffield Hospital,Nuffield Health,no,hospital,SY3 9DU,SY3,-2.772831,52.692271,Shrewsbury,Shrewsbury,E14001473,E14001473,Shropshire,E06000051,Radbrook,E05008181,Shrewsbury,E04011358,,E99999999,West Midlands,Shropshire County,West Midlands,England,Shropshire 023E,E01028964,Shropshire 023,E02006037,"NHS Shropshire, Telford and Wrekin",E38000257
13734106.0,relation,51.9922873,-2.1523176,Tewkesbury Community Hospital,NHS,Unknown,hospital,GL20 5QN,GL20,-2.152471,51.992156,Tewkesbury,Tewkesbury,E14001542,E14001542,Tewkesbury,E07000083,Tewkesbury South,E05012082,Tewkesbury,E04004426,Gloucestershire,E10000013,South West,Gloucestershire,South West,England,Tewkesbury 002D,E01022459,Tewkesbury 002,E02004667,NHS Gloucestershire,E38000062
14151246.0,relation,51.7034647,-0.3073136,Kingsley Green Hospital,Unknown,no,hospital,WD7 9FF,WD7,-0.306546,51.704146,St Albans,St Albans,E14001507,E14001507,St Albans,E07000240,Park Street,E05013960,St Stephen,E04013288,Hertfordshire,E10000015,East of England,Hertfordshire,East of England,England,St Albans 019C,E01023720,St Albans 019,E02004942,NHS Hertfordshire and West Essex,E38000079
16761972.0,relation,50.8174102,-1.8570408,St Leonards Hospital,Unknown,Unknown,hospital,BH24 2RR,BH24,-1.856578,50.81726,Christchurch,Christchurch,E14001171,E14001171,Dorset,E06000059,St Leonards & St Ives,E05012713,St. Leonards and St. Ives,E04003379,,E99999999,South West,Dorset,South West,England,East Dorset 004C,E01020405,East Dorset 004,E02004246,NHS Dorset,E38000045
17411010.0,relation,51.3973376,-0.3725266,Molesey Community Hospital,NHS,Unknown,hospital,KT8 2LU,KT8,-0.372542,51.397531,Esher and Walton,Esher and Walton,E14001230,E14001230,Elmbridge,E07000207,Molesey West,E05011081,"Elmbridge, unparished area",E43000136,Surrey,E10000030,South East Coast,Surrey,South East,England,Elmbridge 003D,E01030337,Elmbridge 003,E02006319,NHS Surrey Heartlands,E38000264
17612283.0,relation,57.0762129,-2.7669447,Aboyne Hospital and Health Centre,Unknown,no,hospital,AB34 5GJ,AB34,-2.765867,57.076476,West Aberdeenshire and Kincardine,West Aberdeenshire and Kincardine,S14000111,S14000111,Aberdeenshire,S12000034,"Aboyne, Upper Deeside and Donside",S13002862,,S99999999,,S99999999,Grampian,Aberdeenshire Community Health Partnership,,Scotland,Aboyne and South Deeside - 06,S01006799,Aboyne and South Deeside,S02001286,Aberdeenshire Community Health Partnership,S03000013
17778769.0,relation,53.4092539,-2.9629685,Royal Liverpool University Hospital,Liverpool University Hospitals NHS Foundation Trust,yes,hospital,L7 8YE,L7,-2.962025,53.409466,Liverpool Riverside,Liverpool Riverside,E14001338,E14001338,Liverpool,E08000012,Brownlow Hill,E05015283,"Liverpool, unparished area",E43000166,,E99999999,North West,Liverpool,North West,England,Liverpool 031B,E01006747,Liverpool 031,E02001377,NHS Cheshire and Merseyside,E38000101
18083266.0,relation,53.6900574,-1.3078644,Pontefract Hospital,Mid Yorkshire Hospitals NHS Trust,yes,hospital,WF8 1PL,WF8,-1.308148,53.690497,"Pontefract, Castleford and Knottingley","Pontefract, Castleford and Knottingley",E14001428,E14001428,Wakefield,E08000036,Pontefract North,E05001455,"Wakefield, unparished area",E43000190,,E99999999,Yorkshire and the Humber,Wakefield District,Yorkshire and The Humber,England,Wakefield 018A,E01011840,Wakefield 018,E02002455,NHS West Yorkshire,E38000190
